species,year,Antibiotic_1,Antibiotic_2,S1S2,S1R2,R1S2,R1R2,MIS,P-value
E. coli,2015/16,AMOXICILLIN_CLAVULANATE,AMPICILLIN,13849,5657,10,3110,0.295014623,0
E. coli,2015/16,AMOXICILLIN_CLAVULANATE,AMPICILLIN_SULBACTAM,15264,4234,43,3076,0.331826182,0
E. coli,2015/16,AMOXICILLIN_CLAVULANATE,AZTREONAM,63,22,15,25,0.315197876,0.000137051
E. coli,2015/16,AMOXICILLIN_CLAVULANATE,CEFAZOLIN,8992,264,741,712,0.236398065,0
E. coli,2015/16,AMOXICILLIN_CLAVULANATE,CEFEPIME,14272,112,2211,123,0.024379917,1.07338E-44
E. coli,2015/16,AMOXICILLIN_CLAVULANATE,CEFTAZIDIME,18356,210,2576,337,0.055657377,6.7931E-156
E. coli,2015/16,AMOXICILLIN_CLAVULANATE,CEFTRIAXONE,18253,318,2505,408,0.065182465,4.6029E-169
E. coli,2015/16,AMOXICILLIN_CLAVULANATE,CEFUROXIME,180,76,100,93,0.180715778,7.94217E-05
E. coli,2015/16,AMOXICILLIN_CLAVULANATE,CIPROFLOXACIN,17680,1821,2321,805,0.083532111,1.5857E-127
E. coli,2015/16,AMOXICILLIN_CLAVULANATE,GENTAMICIN,18838,664,2694,431,0.054487906,1.1734E-103
E. coli,2015/16,AMOXICILLIN_CLAVULANATE,LEVOFLOXACIN,16374,1625,2116,691,0.077859517,1.0479E-107
E. coli,2015/16,AMOXICILLIN_CLAVULANATE,NITROFURANTOIN,18667,409,2852,186,0.020473431,8.32906E-29
E. coli,2015/16,AMOXICILLIN_CLAVULANATE,PIPERACILLIN_TAZOBACTAM,18515,35,2384,514,0.090218187,0
E. coli,2015/16,AMOXICILLIN_CLAVULANATE,SULFA_TRIMETHOPRIM,16970,2528,2062,1062,0.105923414,1.5423E-164
E. coli,2015/16,AMOXICILLIN_CLAVULANATE,TOBRAMYCIN,18193,472,2507,433,0.064211527,4.9304E-144
E. coli,2015/16,AMPICILLIN,AMPICILLIN_SULBACTAM,26553,15,2491,16161,0.664456051,0
E. coli,2015/16,AMPICILLIN,AZTREONAM,8478,34,5773,236,0.032842073,1.07565E-56
E. coli,2015/16,AMPICILLIN,CEFAZOLIN,18171,21,9386,2487,0.177283296,0
E. coli,2015/16,AMPICILLIN,CEFEPIME,17328,2,12145,383,0.026204667,2.8574E-142
E. coli,2015/16,AMPICILLIN,CEFTAZIDIME,21439,4,13330,857,0.051349508,0
E. coli,2015/16,AMPICILLIN,CEFTRIAXONE,23090,12,14784,1388,0.073496206,0
E. coli,2015/16,AMPICILLIN,CEFUROXIME,8262,128,5427,736,0.097917621,9.9051E-159
E. coli,2015/16,AMPICILLIN,CIPROFLOXACIN,28238,1645,14627,5309,0.199457835,0
E. coli,2015/16,AMPICILLIN,GENTAMICIN,29672,215,17394,2544,0.108819669,0
E. coli,2015/16,AMPICILLIN,LEVOFLOXACIN,22206,1208,11317,3926,0.193710652,0
E. coli,2015/16,AMPICILLIN,NITROFURANTOIN,28112,410,18043,795,0.026748884,5.2644E-77
E. coli,2015/16,AMPICILLIN,PIPERACILLIN_TAZOBACTAM,26391,1,18002,1124,0.050074797,0
E. coli,2015/16,AMPICILLIN,SULFA_TRIMETHOPRIM,28551,1328,12656,7276,0.295345875,0
E. coli,2015/16,AMPICILLIN,TOBRAMYCIN,22799,105,13553,1703,0.095726063,0
E. coli,2015/16,AMPICILLIN_SULBACTAM,AZTREONAM,7970,59,4570,163,0.025326057,1.75237E-28
E. coli,2015/16,AMPICILLIN_SULBACTAM,CEFAZOLIN,16072,185,7119,2104,0.190154512,0
E. coli,2015/16,AMPICILLIN_SULBACTAM,CEFEPIME,17423,62,9585,285,0.023120991,2.64856E-70
E. coli,2015/16,AMPICILLIN_SULBACTAM,CEFTAZIDIME,22970,131,11085,723,0.049241007,2.092E-212
E. coli,2015/16,AMPICILLIN_SULBACTAM,CEFTRIAXONE,23678,249,11781,1045,0.064218254,9.4162E-261
E. coli,2015/16,AMPICILLIN_SULBACTAM,CEFUROXIME,8569,214,4758,665,0.092130616,1.5093E-120
E. coli,2015/16,AMPICILLIN_SULBACTAM,CIPROFLOXACIN,27122,2303,12010,4415,0.175939044,0
E. coli,2015/16,AMPICILLIN_SULBACTAM,GENTAMICIN,29079,351,14151,2276,0.113465428,0
E. coli,2015/16,AMPICILLIN_SULBACTAM,LEVOFLOXACIN,23743,1858,9786,3393,0.16745185,0
E. coli,2015/16,AMPICILLIN_SULBACTAM,NITROFURANTOIN,27226,489,14785,601,0.019963392,7.32505E-40
E. coli,2015/16,AMPICILLIN_SULBACTAM,PIPERACILLIN_TAZOBACTAM,25691,10,14730,1072,0.057383456,0
E. coli,2015/16,AMPICILLIN_SULBACTAM,SULFA_TRIMETHOPRIM,27205,2216,10458,5965,0.262453422,0
E. coli,2015/16,AMPICILLIN_SULBACTAM,TOBRAMYCIN,23023,196,10692,1523,0.102225311,0
E. coli,2015/16,AZTREONAM,CEFAZOLIN,6354,365,6,131,0.085082472,4.8309E-148
E. coli,2015/16,AZTREONAM,CEFEPIME,10665,2,189,96,0.048012069,6.7331E-157
E. coli,2015/16,AZTREONAM,CEFTAZIDIME,7458,27,51,87,0.065501594,1.2137E-141
E. coli,2015/16,AZTREONAM,CEFTRIAXONE,10510,118,70,215,0.102027119,3.2296E-298
E. coli,2015/16,AZTREONAM,CEFUROXIME,9969,445,70,113,0.050818375,6.8452E-100
E. coli,2015/16,AZTREONAM,CIPROFLOXACIN,12453,2151,131,167,0.036114708,1.80255E-59
E. coli,2015/16,AZTREONAM,GENTAMICIN,13741,872,237,61,0.013080462,8.99804E-17
E. coli,2015/16,AZTREONAM,LEVOFLOXACIN,8690,1430,89,56,0.015016242,5.12701E-13
E. coli,2015/16,AZTREONAM,NITROFURANTOIN,12999,248,215,25,0.007394762,1.77649E-11
E. coli,2015/16,AZTREONAM,PIPERACILLIN_TAZOBACTAM,12543,284,247,46,0.014865799,6.64977E-24
E. coli,2015/16,AZTREONAM,SULFA_TRIMETHOPRIM,11846,2763,163,134,0.02195048,2.84127E-24
E. coli,2015/16,AZTREONAM,TOBRAMYCIN,13544,686,194,80,0.022167789,3.68075E-38
E. coli,2015/16,CEFAZOLIN,CEFEPIME,8850,0,1032,245,0.091413384,3.8781E-229
E. coli,2015/16,CEFAZOLIN,CEFTAZIDIME,14649,1,1309,408,0.098769585,0
E. coli,2015/16,CEFAZOLIN,CEFTRIAXONE,17282,1,1583,665,0.130149166,0
E. coli,2015/16,CEFAZOLIN,CEFUROXIME,6136,103,498,386,0.202940247,8.6413E-285
E. coli,2015/16,CEFAZOLIN,CIPROFLOXACIN,24162,3402,1559,954,0.085154968,2.0973E-207
E. coli,2015/16,CEFAZOLIN,GENTAMICIN,26288,1281,2121,395,0.037839463,1.07019E-85
E. coli,2015/16,CEFAZOLIN,LEVOFLOXACIN,15595,2063,1109,581,0.078438024,3.0927E-116
E. coli,2015/16,CEFAZOLIN,NITROFURANTOIN,25398,622,2164,191,0.019572341,4.92629E-41
E. coli,2015/16,CEFAZOLIN,PIPERACILLIN_TAZOBACTAM,23414,182,1795,438,0.072113016,0
E. coli,2015/16,CEFAZOLIN,SULFA_TRIMETHOPRIM,23436,4119,1598,915,0.07010472,3.8326E-138
E. coli,2015/16,CEFAZOLIN,TOBRAMYCIN,16485,652,1223,257,0.045471941,4.57258E-79
E. coli,2015/16,CEFEPIME,CEFTAZIDIME,24324,385,10,235,0.052092848,0
E. coli,2015/16,CEFEPIME,CEFTRIAXONE,27779,781,3,380,0.065640006,0
E. coli,2015/16,CEFEPIME,CEFUROXIME,9719,557,2,192,0.080968721,2.4265E-227
E. coli,2015/16,CEFEPIME,CIPROFLOXACIN,26042,3815,70,315,0.039367014,7.4052E-204
E. coli,2015/16,CEFEPIME,GENTAMICIN,28236,1627,285,100,0.012390548,1.1895E-38
E. coli,2015/16,CEFEPIME,LEVOFLOXACIN,22245,3070,48,191,0.02889688,1.8233E-125
E. coli,2015/16,CEFEPIME,NITROFURANTOIN,27662,622,299,50,0.007400134,9.48423E-25
E. coli,2015/16,CEFEPIME,PIPERACILLIN_TAZOBACTAM,28972,778,254,46,0.006292161,2.48198E-21
E. coli,2015/16,CEFEPIME,SULFA_TRIMETHOPRIM,24597,5262,132,252,0.026409839,3.70846E-94
E. coli,2015/16,CEFEPIME,TOBRAMYCIN,27708,1242,163,154,0.024900047,6.3977E-117
E. coli,2015/16,CEFTAZIDIME,CEFTRIAXONE,34529,250,33,824,0.115770846,0
E. coli,2015/16,CEFTAZIDIME,CEFUROXIME,7968,355,5,185,0.098538792,8.2209E-228
E. coli,2015/16,CEFTAZIDIME,CIPROFLOXACIN,30646,4132,284,577,0.05941407,8.2658E-302
E. coli,2015/16,CEFTAZIDIME,GENTAMICIN,33071,1714,637,224,0.02393805,1.78895E-90
E. coli,2015/16,CEFTAZIDIME,LEVOFLOXACIN,29320,3950,264,537,0.057934836,1.3194E-281
E. coli,2015/16,CEFTAZIDIME,NITROFURANTOIN,32467,823,697,111,0.012786866,2.02346E-45
E. coli,2015/16,CEFTAZIDIME,PIPERACILLIN_TAZOBACTAM,33854,780,722,128,0.014993071,1.73946E-60
E. coli,2015/16,CEFTAZIDIME,SULFA_TRIMETHOPRIM,29209,5565,411,449,0.037487771,8.8712E-128
E. coli,2015/16,CEFTAZIDIME,TOBRAMYCIN,28091,1068,439,194,0.02848351,1.077E-112
E. coli,2015/16,CEFTRIAXONE,CEFUROXIME,8413,405,29,351,0.161231077,0
E. coli,2015/16,CEFTRIAXONE,CIPROFLOXACIN,33663,4588,487,923,0.082836528,0
E. coli,2015/16,CEFTRIAXONE,GENTAMICIN,36335,1921,1055,356,0.03288682,2.8897E-133
E. coli,2015/16,CEFTRIAXONE,LEVOFLOXACIN,29320,3846,368,706,0.074893699,0
E. coli,2015/16,CEFTRIAXONE,NITROFURANTOIN,35205,902,1137,170,0.017080012,2.67301E-63
E. coli,2015/16,CEFTRIAXONE,PIPERACILLIN_TAZOBACTAM,37139,955,1154,154,0.014209874,2.81607E-52
E. coli,2015/16,CEFTRIAXONE,SULFA_TRIMETHOPRIM,32014,6230,650,759,0.056247538,2.6529E-217
E. coli,2015/16,CEFTRIAXONE,TOBRAMYCIN,30615,1150,701,350,0.046250108,2.2455E-210
E. coli,2015/16,CEFUROXIME,CIPROFLOXACIN,12102,1938,423,480,0.09794774,1.6818E-156
E. coli,2015/16,CEFUROXIME,GENTAMICIN,13282,759,742,162,0.032014307,4.02352E-37
E. coli,2015/16,CEFUROXIME,LEVOFLOXACIN,8885,1360,297,291,0.081970647,4.34764E-91
E. coli,2015/16,CEFUROXIME,NITROFURANTOIN,12550,153,696,79,0.024018698,1.49316E-40
E. coli,2015/16,CEFUROXIME,PIPERACILLIN_TAZOBACTAM,10787,200,607,97,0.032883566,2.05196E-46
E. coli,2015/16,CEFUROXIME,SULFA_TRIMETHOPRIM,11531,2509,559,345,0.048810426,2.39534E-43
E. coli,2015/16,CEFUROXIME,TOBRAMYCIN,11311,562,548,161,0.044495445,4.36618E-56
E. coli,2015/16,CIPROFLOXACIN,GENTAMICIN,41793,1543,6291,1492,0.088702476,0
E. coli,2015/16,CIPROFLOXACIN,LEVOFLOXACIN,33605,20,62,5647,0.418659009,0
E. coli,2015/16,CIPROFLOXACIN,NITROFURANTOIN,40265,761,6655,496,0.028180323,1.257E-103
E. coli,2015/16,CIPROFLOXACIN,PIPERACILLIN_TAZOBACTAM,38693,723,6225,445,0.02628626,9.33477E-91
E. coli,2015/16,CIPROFLOXACIN,SULFA_TRIMETHOPRIM,37929,5397,3900,3876,0.203631559,0
E. coli,2015/16,CIPROFLOXACIN,TOBRAMYCIN,32550,808,4232,1369,0.120946379,0
E. coli,2015/16,GENTAMICIN,LEVOFLOXACIN,32489,4549,1183,1122,0.088914083,0
E. coli,2015/16,GENTAMICIN,NITROFURANTOIN,44287,1057,2639,201,0.011854131,1.89254E-38
E. coli,2015/16,GENTAMICIN,PIPERACILLIN_TAZOBACTAM,42421,979,2504,189,0.011829917,1.62153E-37
E. coli,2015/16,GENTAMICIN,SULFA_TRIMETHOPRIM,40793,7280,1039,1994,0.122463196,0
E. coli,2015/16,GENTAMICIN,TOBRAMYCIN,36127,387,661,1789,0.1991914,0
E. coli,2015/16,LEVOFLOXACIN,NITROFURANTOIN,31678,596,4916,374,0.027863027,8.80428E-82
E. coli,2015/16,LEVOFLOXACIN,PIPERACILLIN_TAZOBACTAM,31736,579,4753,322,0.02351625,4.71912E-65
E. coli,2015/16,LEVOFLOXACIN,SULFA_TRIMETHOPRIM,29482,4180,2865,2803,0.193599305,0
E. coli,2015/16,LEVOFLOXACIN,TOBRAMYCIN,27847,651,3463,1059,0.11229458,0
E. coli,2015/16,NITROFURANTOIN,PIPERACILLIN_TAZOBACTAM,41415,987,1055,75,0.004944632,8.41364E-15
E. coli,2015/16,NITROFURANTOIN,SULFA_TRIMETHOPRIM,38758,8160,743,509,0.025299303,2.59553E-80
E. coli,2015/16,NITROFURANTOIN,TOBRAMYCIN,34446,1912,786,111,0.007382128,5.37272E-16
E. coli,2015/16,PIPERACILLIN_TAZOBACTAM,SULFA_TRIMETHOPRIM,37108,7809,627,541,0.030942012,2.3445E-111
E. coli,2015/16,PIPERACILLIN_TAZOBACTAM,TOBRAMYCIN,33760,1620,732,142,0.012714184,2.90182E-37
E. coli,2015/16,SULFA_TRIMETHOPRIM,TOBRAMYCIN,31080,704,5696,1472,0.119118803,0
E. coli,2017/18,AMOXICILLIN_CLAVULANATE,AMPICILLIN,17804,7307,13,3968,0.292774493,0
E. coli,2017/18,AMOXICILLIN_CLAVULANATE,AMPICILLIN_SULBACTAM,19246,5889,76,3918,0.321236821,0
E. coli,2017/18,AMOXICILLIN_CLAVULANATE,AZTREONAM,5138,28,570,35,0.023246509,7.74361E-19
E. coli,2017/18,AMOXICILLIN_CLAVULANATE,CEFAZOLIN,12980,183,1058,891,0.218410131,0
E. coli,2017/18,AMOXICILLIN_CLAVULANATE,CEFEPIME,22057,63,3655,106,0.014273904,6.02184E-47
E. coli,2017/18,AMOXICILLIN_CLAVULANATE,CEFTAZIDIME,21479,228,3387,391,0.052814462,1.3087E-171
E. coli,2017/18,AMOXICILLIN_CLAVULANATE,CEFTRIAXONE,21296,416,3259,473,0.060154361,7.0117E-167
E. coli,2017/18,AMOXICILLIN_CLAVULANATE,CEFUROXIME,4414,144,429,159,0.110263454,1.18331E-75
E. coli,2017/18,AMOXICILLIN_CLAVULANATE,CIPROFLOXACIN,22650,2542,3043,995,0.07355131,7.2117E-128
E. coli,2017/18,AMOXICILLIN_CLAVULANATE,GENTAMICIN,24261,932,3565,472,0.04142064,4.96146E-84
E. coli,2017/18,AMOXICILLIN_CLAVULANATE,LEVOFLOXACIN,18742,2017,2678,839,0.074302233,1.4516E-107
E. coli,2017/18,AMOXICILLIN_CLAVULANATE,NITROFURANTOIN,24014,439,3708,163,0.012225183,2.05375E-18
E. coli,2017/18,AMOXICILLIN_CLAVULANATE,PIPERACILLIN_TAZOBACTAM,23511,35,3347,602,0.080799234,0
E. coli,2017/18,AMOXICILLIN_CLAVULANATE,SULFA_TRIMETHOPRIM,21750,3440,2720,1317,0.095133831,3.6644E-172
E. coli,2017/18,AMOXICILLIN_CLAVULANATE,TOBRAMYCIN,24463,727,3472,564,0.058630535,5.6661E-160
E. coli,2017/18,AMPICILLIN,AMPICILLIN_SULBACTAM,30837,4,2617,18712,0.666862169,0
E. coli,2017/18,AMPICILLIN,AZTREONAM,12388,61,8066,381,0.037401745,3.07114E-90
E. coli,2017/18,AMPICILLIN,CEFAZOLIN,23548,40,12152,3005,0.168074301,0
E. coli,2017/18,AMPICILLIN,CEFEPIME,24524,5,16804,421,0.021012219,5.1569E-154
E. coli,2017/18,AMPICILLIN,CEFTAZIDIME,24995,9,15918,1141,0.057160253,0
E. coli,2017/18,AMPICILLIN,CEFTRIAXONE,28204,15,18032,1800,0.077716321,0
E. coli,2017/18,AMPICILLIN,CEFUROXIME,9208,628,5374,1196,0.113511391,1.924E-120
E. coli,2017/18,AMPICILLIN,CIPROFLOXACIN,31394,2002,16630,5726,0.186120999,0
E. coli,2017/18,AMPICILLIN,GENTAMICIN,33205,199,19655,2711,0.103714935,0
E. coli,2017/18,AMPICILLIN,LEVOFLOXACIN,21862,1234,11505,3946,0.190904947,0
E. coli,2017/18,AMPICILLIN,NITROFURANTOIN,31644,396,20360,821,0.025352219,2.22057E-86
E. coli,2017/18,AMPICILLIN,PIPERACILLIN_TAZOBACTAM,31383,4,20753,1292,0.049993035,0
E. coli,2017/18,AMPICILLIN,SULFA_TRIMETHOPRIM,31860,1544,14269,8090,0.291473735,0
E. coli,2017/18,AMPICILLIN,TOBRAMYCIN,26459,111,15806,1868,0.090674261,0
E. coli,2017/18,AMPICILLIN_SULBACTAM,AZTREONAM,11892,94,6678,235,0.024399192,2.70032E-38
E. coli,2017/18,AMPICILLIN_SULBACTAM,CEFAZOLIN,22582,203,9966,2564,0.170230804,0
E. coli,2017/18,AMPICILLIN_SULBACTAM,CEFEPIME,25231,37,14017,266,0.015430348,1.84571E-78
E. coli,2017/18,AMPICILLIN_SULBACTAM,CEFTAZIDIME,27010,177,13883,974,0.053136923,1.1244E-268
E. coli,2017/18,AMPICILLIN_SULBACTAM,CEFTRIAXONE,29059,323,15196,1270,0.060486246,4.4007E-291
E. coli,2017/18,AMPICILLIN_SULBACTAM,CEFUROXIME,9739,722,4887,1106,0.107993911,3.4108E-109
E. coli,2017/18,AMPICILLIN_SULBACTAM,CIPROFLOXACIN,30955,2627,14151,4734,0.159808577,0
E. coli,2017/18,AMPICILLIN_SULBACTAM,GENTAMICIN,33241,341,16424,2468,0.107747782,0
E. coli,2017/18,AMPICILLIN_SULBACTAM,LEVOFLOXACIN,22957,1826,10036,3383,0.163750961,0
E. coli,2017/18,AMPICILLIN_SULBACTAM,NITROFURANTOIN,31605,512,17165,635,0.01838713,6.89778E-43
E. coli,2017/18,AMPICILLIN_SULBACTAM,PIPERACILLIN_TAZOBACTAM,31463,22,17528,1237,0.055767248,0
E. coli,2017/18,AMPICILLIN_SULBACTAM,SULFA_TRIMETHOPRIM,31165,2417,12040,6846,0.264947311,0
E. coli,2017/18,AMPICILLIN_SULBACTAM,TOBRAMYCIN,27136,223,13173,1707,0.094506007,0
E. coli,2017/18,AZTREONAM,CEFAZOLIN,16773,1024,67,298,0.073963101,6.0201E-282
E. coli,2017/18,AZTREONAM,CEFEPIME,15784,3,277,154,0.051658969,7.2944E-251
E. coli,2017/18,AZTREONAM,CEFTAZIDIME,11397,42,65,166,0.079204927,7.8088E-275
E. coli,2017/18,AZTREONAM,CEFTRIAXONE,14778,107,75,348,0.115902964,0
E. coli,2017/18,AZTREONAM,CEFUROXIME,13525,1525,80,192,0.049456245,6.341E-121
E. coli,2017/18,AZTREONAM,CIPROFLOXACIN,17708,2818,195,252,0.039999852,8.48785E-96
E. coli,2017/18,AZTREONAM,GENTAMICIN,19498,1032,363,84,0.013374563,1.57144E-24
E. coli,2017/18,AZTREONAM,LEVOFLOXACIN,6151,1071,73,89,0.038292883,2.58149E-31
E. coli,2017/18,AZTREONAM,NITROFURANTOIN,18453,279,367,28,0.005498362,5.35476E-11
E. coli,2017/18,AZTREONAM,PIPERACILLIN_TAZOBACTAM,18195,392,387,51,0.010540796,1.54447E-21
E. coli,2017/18,AZTREONAM,SULFA_TRIMETHOPRIM,16952,3577,258,189,0.022351861,1.19145E-33
E. coli,2017/18,AZTREONAM,TOBRAMYCIN,19275,869,323,115,0.022448035,2.19548E-53
E. coli,2017/18,CEFAZOLIN,CEFEPIME,22636,4,1849,246,0.042758558,2.2196E-262
E. coli,2017/18,CEFAZOLIN,CEFTAZIDIME,23529,7,1923,574,0.090340679,0
E. coli,2017/18,CEFAZOLIN,CEFTRIAXONE,28129,20,2013,873,0.115853192,0
E. coli,2017/18,CEFAZOLIN,CEFUROXIME,11952,1140,637,556,0.129832261,1.818E-223
E. coli,2017/18,CEFAZOLIN,CIPROFLOXACIN,31282,4418,1956,1091,0.07362319,3.7806E-216
E. coli,2017/18,CEFAZOLIN,GENTAMICIN,34081,1620,2647,404,0.027952358,1.9337E-71
E. coli,2017/18,CEFAZOLIN,LEVOFLOXACIN,18129,2455,1431,688,0.074878154,6.2049E-120
E. coli,2017/18,CEFAZOLIN,NITROFURANTOIN,33416,669,2584,174,0.013537083,3.37893E-35
E. coli,2017/18,CEFAZOLIN,PIPERACILLIN_TAZOBACTAM,33300,255,2345,576,0.068469589,0
E. coli,2017/18,CEFAZOLIN,SULFA_TRIMETHOPRIM,30250,5444,1953,1095,0.063839591,8.2633E-156
E. coli,2017/18,CEFAZOLIN,TOBRAMYCIN,24801,978,1856,222,0.021061049,1.11891E-37
E. coli,2017/18,CEFEPIME,CEFTAZIDIME,33839,532,9,238,0.039076297,0
E. coli,2017/18,CEFEPIME,CEFTRIAXONE,39239,1019,3,419,0.053067106,0
E. coli,2017/18,CEFEPIME,CEFUROXIME,11279,1574,2,101,0.029762355,5.09829E-88
E. coli,2017/18,CEFEPIME,CIPROFLOXACIN,36170,5229,64,361,0.033012933,1.5881E-247
E. coli,2017/18,CEFEPIME,GENTAMICIN,39442,1973,308,118,0.011410425,2.6709E-54
E. coli,2017/18,CEFEPIME,LEVOFLOXACIN,25088,3347,45,207,0.028265927,4.5703E-143
E. coli,2017/18,CEFEPIME,NITROFURANTOIN,38409,829,329,50,0.005313252,5.1077E-24
E. coli,2017/18,CEFEPIME,PIPERACILLIN_TAZOBACTAM,40301,992,293,51,0.005143829,1.87564E-24
E. coli,2017/18,CEFEPIME,SULFA_TRIMETHOPRIM,34347,7063,173,253,0.018817015,2.66233E-84
E. coli,2017/18,CEFEPIME,TOBRAMYCIN,37047,1624,189,126,0.014971294,3.16979E-85
E. coli,2017/18,CEFTAZIDIME,CEFTRIAXONE,40555,314,27,1122,0.129179929,0
E. coli,2017/18,CEFTAZIDIME,CEFUROXIME,10868,1427,5,255,0.075973591,2.5628E-221
E. coli,2017/18,CEFTAZIDIME,CIPROFLOXACIN,36020,4902,420,731,0.062463447,0
E. coli,2017/18,CEFTAZIDIME,GENTAMICIN,39028,1903,860,292,0.026576244,1.7096E-119
E. coli,2017/18,CEFTAZIDIME,LEVOFLOXACIN,29978,3906,366,705,0.073526948,0
E. coli,2017/18,CEFTAZIDIME,NITROFURANTOIN,38547,828,969,124,0.011861134,1.64274E-48
E. coli,2017/18,CEFTAZIDIME,PIPERACILLIN_TAZOBACTAM,39835,869,990,135,0.012663511,1.18378E-54
E. coli,2017/18,CEFTAZIDIME,SULFA_TRIMETHOPRIM,34242,6680,571,579,0.039564183,2.3972E-150
E. coli,2017/18,CEFTAZIDIME,TOBRAMYCIN,32938,1301,551,239,0.029386542,1.7092E-133
E. coli,2017/18,CEFTRIAXONE,CEFUROXIME,10913,1415,20,288,0.085960553,4.2305E-231
E. coli,2017/18,CEFTRIAXONE,CIPROFLOXACIN,40796,5514,645,1171,0.08618871,0
E. coli,2017/18,CEFTRIAXONE,GENTAMICIN,44209,2115,1398,421,0.032079103,2.6145E-156
E. coli,2017/18,CEFTRIAXONE,LEVOFLOXACIN,29890,3763,490,888,0.091330165,0
E. coli,2017/18,CEFTRIAXONE,NITROFURANTOIN,43257,953,1522,181,0.014504796,3.45935E-63
E. coli,2017/18,CEFTRIAXONE,PIPERACILLIN_TAZOBACTAM,45002,1071,1533,177,0.013142343,3.46272E-56
E. coli,2017/18,CEFTRIAXONE,SULFA_TRIMETHOPRIM,38761,7553,884,932,0.055390129,3.0085E-245
E. coli,2017/18,CEFTRIAXONE,TOBRAMYCIN,35670,1335,910,387,0.042742253,2.8249E-214
E. coli,2017/18,CEFUROXIME,CIPROFLOXACIN,12802,1850,1206,625,0.090770318,2.1111E-106
E. coli,2017/18,CEFUROXIME,GENTAMICIN,13934,717,1655,176,0.019775039,8.96638E-15
E. coli,2017/18,CEFUROXIME,LEVOFLOXACIN,5704,896,397,297,0.10829938,3.82748E-69
E. coli,2017/18,CEFUROXIME,NITROFURANTOIN,13103,153,1634,67,0.012475167,1.27335E-14
E. coli,2017/18,CEFUROXIME,PIPERACILLIN_TAZOBACTAM,12442,209,1638,117,0.023963592,3.79215E-29
E. coli,2017/18,CEFUROXIME,SULFA_TRIMETHOPRIM,12175,2478,1331,500,0.042461495,3.00287E-25
E. coli,2017/18,CEFUROXIME,TOBRAMYCIN,13374,560,1591,177,0.025899737,1.04105E-23
E. coli,2017/18,CIPROFLOXACIN,GENTAMICIN,46573,1731,7163,1459,0.07531537,0
E. coli,2017/18,CIPROFLOXACIN,LEVOFLOXACIN,33401,21,47,5514,0.414065609,0
E. coli,2017/18,CIPROFLOXACIN,NITROFURANTOIN,45371,796,7513,492,0.024394758,4.62206E-97
E. coli,2017/18,CIPROFLOXACIN,PIPERACILLIN_TAZOBACTAM,45236,849,7166,471,0.023083614,6.85615E-87
E. coli,2017/18,CIPROFLOXACIN,SULFA_TRIMETHOPRIM,42085,6213,4502,4114,0.189226512,0
E. coli,2017/18,CIPROFLOXACIN,TOBRAMYCIN,37755,949,5085,1439,0.108059386,0
E. coli,2017/18,GENTAMICIN,LEVOFLOXACIN,32301,4576,1153,963,0.075208861,5.176E-284
E. coli,2017/18,GENTAMICIN,NITROFURANTOIN,50058,1123,2839,164,0.007558251,2.91485E-23
E. coli,2017/18,GENTAMICIN,PIPERACILLIN_TAZOBACTAM,49722,1132,2696,190,0.00997011,2.63252E-35
E. coli,2017/18,GENTAMICIN,SULFA_TRIMETHOPRIM,45526,8214,1070,2118,0.117327568,0
E. coli,2017/18,GENTAMICIN,TOBRAMYCIN,42308,453,539,1936,0.189745121,0
E. coli,2017/18,LEVOFLOXACIN,NITROFURANTOIN,31524,585,4781,355,0.026707221,2.79214E-77
E. coli,2017/18,LEVOFLOXACIN,PIPERACILLIN_TAZOBACTAM,32109,598,4822,325,0.023168171,1.10088E-63
E. coli,2017/18,LEVOFLOXACIN,SULFA_TRIMETHOPRIM,29186,4262,2943,2593,0.176217998,0
E. coli,2017/18,LEVOFLOXACIN,TOBRAMYCIN,26631,630,3301,915,0.101466257,0
E. coli,2017/18,NITROFURANTOIN,PIPERACILLIN_TAZOBACTAM,48966,1123,1100,85,0.005130865,1.82719E-19
E. coli,2017/18,NITROFURANTOIN,SULFA_TRIMETHOPRIM,43706,9194,752,525,0.023498654,2.98413E-85
E. coli,2017/18,NITROFURANTOIN,TOBRAMYCIN,39810,2103,798,103,0.005820199,4.34771E-14
E. coli,2017/18,PIPERACILLIN_TAZOBACTAM,SULFA_TRIMETHOPRIM,43469,8943,700,620,0.031122926,1.4902E-134
E. coli,2017/18,PIPERACILLIN_TAZOBACTAM,TOBRAMYCIN,39348,1840,817,162,0.012759781,1.46147E-44
E. coli,2017/18,SULFA_TRIMETHOPRIM,TOBRAMYCIN,36298,806,6544,1582,0.110851799,0
K. pneumoniae,2015/16,AMOXICILLIN_CLAVULANATE,AMPICILLIN_SULBACTAM,3079,314,4,82,0.093171239,1.857E-75
K. pneumoniae,2015/16,AMOXICILLIN_CLAVULANATE,AZTREONAM,5,0,1,10,,
K. pneumoniae,2015/16,AMOXICILLIN_CLAVULANATE,CEFAZOLIN,1636,25,13,21,0.066491954,4.75988E-27
K. pneumoniae,2015/16,AMOXICILLIN_CLAVULANATE,CEFEPIME,2458,7,48,22,0.047926271,1.87886E-30
K. pneumoniae,2015/16,AMOXICILLIN_CLAVULANATE,CEFTAZIDIME,3200,18,41,37,0.062228013,3.267E-51
K. pneumoniae,2015/16,AMOXICILLIN_CLAVULANATE,CEFTRIAXONE,3193,27,42,36,0.059663166,7.47999E-46
K. pneumoniae,2015/16,AMOXICILLIN_CLAVULANATE,CEFUROXIME,32,2,2,20,,
K. pneumoniae,2015/16,AMOXICILLIN_CLAVULANATE,CIPROFLOXACIN,3370,27,61,25,0.038782227,4.41783E-28
K. pneumoniae,2015/16,AMOXICILLIN_CLAVULANATE,GENTAMICIN,3381,16,58,28,0.04475935,2.46465E-36
K. pneumoniae,2015/16,AMOXICILLIN_CLAVULANATE,IMIPENEM,2847,4,53,6,0.012100767,1.05879E-08
K. pneumoniae,2015/16,AMOXICILLIN_CLAVULANATE,LEVOFLOXACIN,3085,23,58,14,0.02354909,1.01728E-14
K. pneumoniae,2015/16,AMOXICILLIN_CLAVULANATE,MEROPENEM,25,0,3,0,,
K. pneumoniae,2015/16,AMOXICILLIN_CLAVULANATE,NITROFURANTOIN,1416,1811,18,55,0.016194902,0.001123339
K. pneumoniae,2015/16,AMOXICILLIN_CLAVULANATE,PIPERACILLIN_TAZOBACTAM,3145,73,28,50,0.076936846,3.24775E-56
K. pneumoniae,2015/16,AMOXICILLIN_CLAVULANATE,SULFA_TRIMETHOPRIM,3224,174,49,37,0.045406066,8.9087E-24
K. pneumoniae,2015/16,AMOXICILLIN_CLAVULANATE,TOBRAMYCIN,3211,14,44,37,0.062078306,1.75129E-52
K. pneumoniae,2015/16,AMPICILLIN_SULBACTAM,AZTREONAM,2556,16,393,53,0.063610196,1.266E-31
K. pneumoniae,2015/16,AMPICILLIN_SULBACTAM,CEFAZOLIN,4591,26,414,153,0.118204706,1.9007E-126
K. pneumoniae,2015/16,AMPICILLIN_SULBACTAM,CEFEPIME,4307,7,656,83,0.060634663,2.32573E-62
K. pneumoniae,2015/16,AMPICILLIN_SULBACTAM,CEFTAZIDIME,5385,8,667,91,0.057843534,8.58234E-75
K. pneumoniae,2015/16,AMPICILLIN_SULBACTAM,CEFTRIAXONE,5738,18,759,153,0.08638319,5.2314E-115
K. pneumoniae,2015/16,AMPICILLIN_SULBACTAM,CEFUROXIME,2870,72,314,170,0.175416969,1.48227E-98
K. pneumoniae,2015/16,AMPICILLIN_SULBACTAM,CIPROFLOXACIN,7826,61,996,158,0.065996573,2.25095E-94
K. pneumoniae,2015/16,AMPICILLIN_SULBACTAM,GENTAMICIN,7868,21,1052,103,0.044081742,3.16424E-72
K. pneumoniae,2015/16,AMPICILLIN_SULBACTAM,IMIPENEM,5252,6,727,40,0.025872748,2.77506E-30
K. pneumoniae,2015/16,AMPICILLIN_SULBACTAM,LEVOFLOXACIN,6145,34,774,81,0.044214218,7.51029E-49
K. pneumoniae,2015/16,AMPICILLIN_SULBACTAM,MEROPENEM,2201,2,392,22,0.030320824,3.0164E-16
K. pneumoniae,2015/16,AMPICILLIN_SULBACTAM,NITROFURANTOIN,3188,3792,318,640,0.052437248,2.03455E-13
K. pneumoniae,2015/16,AMPICILLIN_SULBACTAM,PIPERACILLIN_TAZOBACTAM,6710,16,762,335,0.156486759,1.0661E-281
K. pneumoniae,2015/16,AMPICILLIN_SULBACTAM,SULFA_TRIMETHOPRIM,7561,329,815,340,0.12589063,1.9191E-140
K. pneumoniae,2015/16,AMPICILLIN_SULBACTAM,TOBRAMYCIN,5562,14,708,109,0.065898001,9.98137E-84
K. pneumoniae,2015/16,AZTREONAM,CEFAZOLIN,1361,32,3,33,0.111976803,2.32357E-45
K. pneumoniae,2015/16,AZTREONAM,CEFEPIME,2480,1,33,55,0.106603363,6.13735E-89
K. pneumoniae,2015/16,AZTREONAM,CEFTAZIDIME,1727,2,9,19,0.062769829,4.30592E-36
K. pneumoniae,2015/16,AZTREONAM,CEFTRIAXONE,2472,6,9,79,0.145697489,3.4326E-132
K. pneumoniae,2015/16,AZTREONAM,CEFUROXIME,2474,147,17,34,0.057528845,4.56949E-29
K. pneumoniae,2015/16,AZTREONAM,CIPROFLOXACIN,3328,42,39,55,0.08289816,5.776E-68
K. pneumoniae,2015/16,AZTREONAM,GENTAMICIN,3354,19,62,32,0.05030638,7.2711E-40
K. pneumoniae,2015/16,AZTREONAM,IMIPENEM,1937,3,14,14,0.043378259,1.86755E-25
K. pneumoniae,2015/16,AZTREONAM,LEVOFLOXACIN,2234,17,15,17,0.043816363,3.60232E-25
K. pneumoniae,2015/16,AZTREONAM,MEROPENEM,2460,1,44,22,0.04798381,7.04923E-36
K. pneumoniae,2015/16,AZTREONAM,NITROFURANTOIN,1241,1470,9,46,0.021804736,7.21813E-06
K. pneumoniae,2015/16,AZTREONAM,PIPERACILLIN_TAZOBACTAM,2636,124,27,63,0.099824543,8.57823E-58
K. pneumoniae,2015/16,AZTREONAM,SULFA_TRIMETHOPRIM,3091,282,33,61,0.070795817,4.45226E-40
K. pneumoniae,2015/16,AZTREONAM,TOBRAMYCIN,3120,18,20,56,0.09336136,3.28439E-87
K. pneumoniae,2015/16,CEFAZOLIN,CEFEPIME,1586,2,79,59,0.14487029,3.6256E-68
K. pneumoniae,2015/16,CEFAZOLIN,CEFTAZIDIME,2646,0,72,54,0.095338052,3.29777E-78
K. pneumoniae,2015/16,CEFAZOLIN,CEFTRIAXONE,3136,1,95,107,0.142087677,1.7004E-143
K. pneumoniae,2015/16,CEFAZOLIN,CEFUROXIME,1428,63,31,51,0.138097911,2.74691E-42
K. pneumoniae,2015/16,CEFAZOLIN,CIPROFLOXACIN,5417,62,144,70,0.061276401,4.79511E-68
K. pneumoniae,2015/16,CEFAZOLIN,GENTAMICIN,5462,20,166,48,0.043944647,7.22341E-55
K. pneumoniae,2015/16,CEFAZOLIN,IMIPENEM,2508,2,102,16,0.031000871,1.39884E-20
K. pneumoniae,2015/16,CEFAZOLIN,LEVOFLOXACIN,3387,30,94,27,0.038588928,8.01027E-26
K. pneumoniae,2015/16,CEFAZOLIN,MEROPENEM,1169,1,69,11,0.041213734,4.27561E-13
K. pneumoniae,2015/16,CEFAZOLIN,NITROFURANTOIN,2157,2757,38,145,0.030870888,1.41117E-10
K. pneumoniae,2015/16,CEFAZOLIN,PIPERACILLIN_TAZOBACTAM,4248,59,80,104,0.112481208,7.0565E-116
K. pneumoniae,2015/16,CEFAZOLIN,SULFA_TRIMETHOPRIM,5232,249,117,97,0.072924851,2.12E-64
K. pneumoniae,2015/16,CEFAZOLIN,TOBRAMYCIN,3173,13,79,45,0.070290653,2.12837E-56
K. pneumoniae,2015/16,CEFEPIME,CEFTAZIDIME,4273,29,1,40,0.053601601,2.90623E-77
K. pneumoniae,2015/16,CEFEPIME,CEFTRIAXONE,5094,68,1,100,0.096129461,1.9694E-164
K. pneumoniae,2015/16,CEFEPIME,CEFUROXIME,2216,153,3,58,0.101319619,2.81759E-61
K. pneumoniae,2015/16,CEFEPIME,CIPROFLOXACIN,5386,76,34,70,0.068295886,1.13957E-92
K. pneumoniae,2015/16,CEFEPIME,GENTAMICIN,5422,42,66,38,0.038599891,5.88483E-47
K. pneumoniae,2015/16,CEFEPIME,IMIPENEM,4044,9,30,18,0.027839066,1.98615E-30
K. pneumoniae,2015/16,CEFEPIME,LEVOFLOXACIN,4471,40,20,25,0.033127682,9.8991E-37
K. pneumoniae,2015/16,CEFEPIME,MEROPENEM,2326,4,40,19,0.044894198,9.87489E-29
K. pneumoniae,2015/16,CEFEPIME,NITROFURANTOIN,2153,2607,9,60,0.017009682,2.49714E-08
K. pneumoniae,2015/16,CEFEPIME,PIPERACILLIN_TAZOBACTAM,5223,225,15,69,0.06066944,2.35017E-76
K. pneumoniae,2015/16,CEFEPIME,SULFA_TRIMETHOPRIM,5041,423,28,76,0.05794598,1.90274E-58
K. pneumoniae,2015/16,CEFEPIME,TOBRAMYCIN,5090,50,14,59,0.064168291,1.04927E-93
K. pneumoniae,2015/16,CEFTAZIDIME,CEFTRIAXONE,6137,16,7,93,0.081677207,1.9851E-180
K. pneumoniae,2015/16,CEFTAZIDIME,CEFUROXIME,1718,105,3,26,0.06388019,3.16515E-28
K. pneumoniae,2015/16,CEFTAZIDIME,CIPROFLOXACIN,6086,65,53,53,0.047675628,1.59002E-67
K. pneumoniae,2015/16,CEFTAZIDIME,GENTAMICIN,6126,27,54,52,0.048803419,1.89348E-78
K. pneumoniae,2015/16,CEFTAZIDIME,IMIPENEM,5569,11,53,25,0.027496568,2.31663E-40
K. pneumoniae,2015/16,CEFTAZIDIME,LEVOFLOXACIN,5884,51,58,40,0.037925893,1.80247E-50
K. pneumoniae,2015/16,CEFTAZIDIME,MEROPENEM,1745,2,6,10,0.036600757,6.74071E-21
K. pneumoniae,2015/16,CEFTAZIDIME,NITROFURANTOIN,2466,3223,11,80,0.018064985,2.62239E-10
K. pneumoniae,2015/16,CEFTAZIDIME,PIPERACILLIN_TAZOBACTAM,5953,188,38,61,0.049510604,2.21551E-62
K. pneumoniae,2015/16,CEFTAZIDIME,SULFA_TRIMETHOPRIM,5804,349,32,74,0.053883236,9.29403E-64
K. pneumoniae,2015/16,CEFTAZIDIME,TOBRAMYCIN,5013,26,25,52,0.059444648,5.08874E-85
K. pneumoniae,2015/16,CEFTRIAXONE,CEFUROXIME,1923,132,9,68,0.132576308,8.17681E-65
K. pneumoniae,2015/16,CEFTRIAXONE,CIPROFLOXACIN,6905,77,94,103,0.075502307,6.4376E-124
K. pneumoniae,2015/16,CEFTRIAXONE,GENTAMICIN,6956,28,120,77,0.058693032,4.0678E-103
K. pneumoniae,2015/16,CEFTRIAXONE,IMIPENEM,5562,11,78,27,0.028349099,4.56992E-40
K. pneumoniae,2015/16,CEFTRIAXONE,LEVOFLOXACIN,5886,51,66,44,0.041064447,2.01325E-54
K. pneumoniae,2015/16,CEFTRIAXONE,MEROPENEM,2303,1,65,20,0.043930132,2.06302E-29
K. pneumoniae,2015/16,CEFTRIAXONE,NITROFURANTOIN,2684,3489,22,125,0.024474806,3.12258E-13
K. pneumoniae,2015/16,CEFTRIAXONE,PIPERACILLIN_TAZOBACTAM,6714,252,70,107,0.071279205,9.73236E-98
K. pneumoniae,2015/16,CEFTRIAXONE,SULFA_TRIMETHOPRIM,6534,451,64,133,0.079376815,2.4697E-101
K. pneumoniae,2015/16,CEFTRIAXONE,TOBRAMYCIN,5526,21,39,92,0.087934304,1.0875E-147
K. pneumoniae,2015/16,CEFUROXIME,CIPROFLOXACIN,3231,40,186,69,0.085460493,1.70431E-54
K. pneumoniae,2015/16,CEFUROXIME,GENTAMICIN,3251,21,234,21,0.025208476,6.7598E-14
K. pneumoniae,2015/16,CEFUROXIME,IMIPENEM,1713,3,120,16,0.039303679,2.44072E-16
K. pneumoniae,2015/16,CEFUROXIME,LEVOFLOXACIN,2342,15,126,29,0.053415935,6.42869E-26
K. pneumoniae,2015/16,CEFUROXIME,MEROPENEM,2072,3,126,12,0.025736735,8.41956E-13
K. pneumoniae,2015/16,CEFUROXIME,NITROFURANTOIN,1248,1409,32,136,0.059974937,3.23694E-13
K. pneumoniae,2015/16,CEFUROXIME,PIPERACILLIN_TAZOBACTAM,2203,87,129,80,0.123700177,4.53631E-47
K. pneumoniae,2015/16,CEFUROXIME,SULFA_TRIMETHOPRIM,3038,234,166,89,0.08466762,2.93507E-33
K. pneumoniae,2015/16,CEFUROXIME,TOBRAMYCIN,2641,16,149,35,0.05657196,2.97597E-31
K. pneumoniae,2015/16,CIPROFLOXACIN,GENTAMICIN,9313,75,231,104,0.05516292,1.485E-109
K. pneumoniae,2015/16,CIPROFLOXACIN,IMIPENEM,6018,13,152,67,0.056624681,1.22656E-88
K. pneumoniae,2015/16,CIPROFLOXACIN,LEVOFLOXACIN,6952,3,48,174,0.119394503,7.7462E-300
K. pneumoniae,2015/16,CIPROFLOXACIN,MEROPENEM,2999,5,125,59,0.087059741,2.48482E-71
K. pneumoniae,2015/16,CIPROFLOXACIN,NITROFURANTOIN,3723,4569,22,226,0.037275057,1.48477E-34
K. pneumoniae,2015/16,CIPROFLOXACIN,PIPERACILLIN_TAZOBACTAM,7860,277,97,104,0.059422643,8.43535E-89
K. pneumoniae,2015/16,CIPROFLOXACIN,SULFA_TRIMETHOPRIM,8787,600,94,241,0.104672249,7.7462E-190
K. pneumoniae,2015/16,CIPROFLOXACIN,TOBRAMYCIN,6756,62,64,176,0.1240677,7.9192E-240
K. pneumoniae,2015/16,GENTAMICIN,IMIPENEM,6066,62,105,18,0.014420128,7.07781E-15
K. pneumoniae,2015/16,GENTAMICIN,LEVOFLOXACIN,6936,122,67,55,0.040922257,2.43398E-58
K. pneumoniae,2015/16,GENTAMICIN,MEROPENEM,3045,53,81,12,0.015997229,2.07555E-07
K. pneumoniae,2015/16,GENTAMICIN,NITROFURANTOIN,3719,4674,28,121,0.016761498,9.96756E-11
K. pneumoniae,2015/16,GENTAMICIN,PIPERACILLIN_TAZOBACTAM,7901,321,58,60,0.034567562,8.77349E-50
K. pneumoniae,2015/16,GENTAMICIN,SULFA_TRIMETHOPRIM,8843,703,41,138,0.061176757,7.5876E-113
K. pneumoniae,2015/16,GENTAMICIN,TOBRAMYCIN,6806,103,15,135,0.098126596,8.8771E-200
K. pneumoniae,2015/16,IMIPENEM,LEVOFLOXACIN,5784,89,13,63,0.058783376,2.25053E-93
K. pneumoniae,2015/16,IMIPENEM,MEROPENEM,2098,1,3,48,0.110820491,2.36911E-93
K. pneumoniae,2015/16,IMIPENEM,NITROFURANTOIN,2462,3259,7,45,0.009906246,7.16617E-06
K. pneumoniae,2015/16,IMIPENEM,PIPERACILLIN_TAZOBACTAM,5676,186,10,30,0.02698217,6.47481E-36
K. pneumoniae,2015/16,IMIPENEM,SULFA_TRIMETHOPRIM,5692,479,19,61,0.042239133,1.3504E-49
K. pneumoniae,2015/16,IMIPENEM,TOBRAMYCIN,4726,112,14,52,0.056439693,1.51337E-67
K. pneumoniae,2015/16,LEVOFLOXACIN,MEROPENEM,2119,4,51,48,0.10547642,5.62104E-66
K. pneumoniae,2015/16,LEVOFLOXACIN,NITROFURANTOIN,2836,3624,11,128,0.027036217,2.5582E-20
K. pneumoniae,2015/16,LEVOFLOXACIN,PIPERACILLIN_TAZOBACTAM,6304,198,57,45,0.033565247,1.54955E-38
K. pneumoniae,2015/16,LEVOFLOXACIN,SULFA_TRIMETHOPRIM,6551,452,54,123,0.074180474,1.05945E-96
K. pneumoniae,2015/16,LEVOFLOXACIN,TOBRAMYCIN,5697,72,38,106,0.0937418,2.3404E-144
K. pneumoniae,2015/16,MEROPENEM,NITROFURANTOIN,1181,1499,2,35,0.018577274,3.04734E-07
K. pneumoniae,2015/16,MEROPENEM,PIPERACILLIN_TAZOBACTAM,2513,105,1,22,0.041237766,3.53912E-29
K. pneumoniae,2015/16,MEROPENEM,SULFA_TRIMETHOPRIM,2781,345,8,56,0.068179215,1.87077E-43
K. pneumoniae,2015/16,MEROPENEM,TOBRAMYCIN,2531,108,8,54,0.093461896,1.92233E-61
K. pneumoniae,2015/16,NITROFURANTOIN,PIPERACILLIN_TAZOBACTAM,3180,75,3919,208,0.026380318,6.8992E-10
K. pneumoniae,2015/16,NITROFURANTOIN,SULFA_TRIMETHOPRIM,3577,170,4296,499,0.056428274,1.06735E-24
K. pneumoniae,2015/16,NITROFURANTOIN,TOBRAMYCIN,2781,23,3402,155,0.032686296,1.39577E-19
K. pneumoniae,2015/16,PIPERACILLIN_TAZOBACTAM,SULFA_TRIMETHOPRIM,7478,482,226,155,0.07171732,1.02569E-77
K. pneumoniae,2015/16,PIPERACILLIN_TAZOBACTAM,TOBRAMYCIN,5934,55,197,69,0.054202657,2.55355E-64
K. pneumoniae,2015/16,SULFA_TRIMETHOPRIM,TOBRAMYCIN,6391,30,429,208,0.124073423,4.8068E-196
K. pneumoniae,2017/18,AMOXICILLIN_CLAVULANATE,AMPICILLIN_SULBACTAM,4210,422,10,130,0.107306153,1.4296E-114
K. pneumoniae,2017/18,AMOXICILLIN_CLAVULANATE,AZTREONAM,1202,3,26,16,0.067736218,1.02402E-22
K. pneumoniae,2017/18,AMOXICILLIN_CLAVULANATE,CEFAZOLIN,2618,23,31,20,0.041662732,3.7669E-25
K. pneumoniae,2017/18,AMOXICILLIN_CLAVULANATE,CEFEPIME,3944,2,98,27,0.036047688,2.91065E-40
K. pneumoniae,2017/18,AMOXICILLIN_CLAVULANATE,CEFTAZIDIME,3842,17,69,58,0.076885082,8.6889E-78
K. pneumoniae,2017/18,AMOXICILLIN_CLAVULANATE,CEFTRIAXONE,3838,25,64,60,0.07922661,2.46857E-77
K. pneumoniae,2017/18,AMOXICILLIN_CLAVULANATE,CEFUROXIME,1033,46,18,23,0.091154765,2.7683E-19
K. pneumoniae,2017/18,AMOXICILLIN_CLAVULANATE,CIPROFLOXACIN,4600,46,102,52,0.055879608,1.26619E-54
K. pneumoniae,2017/18,AMOXICILLIN_CLAVULANATE,GENTAMICIN,4623,23,105,49,0.05431784,3.57337E-59
K. pneumoniae,2017/18,AMOXICILLIN_CLAVULANATE,IMIPENEM,3173,3,84,9,0.015427101,1.69734E-12
K. pneumoniae,2017/18,AMOXICILLIN_CLAVULANATE,LEVOFLOXACIN,3561,39,93,23,0.030647464,5.56617E-20
K. pneumoniae,2017/18,AMOXICILLIN_CLAVULANATE,MEROPENEM,602,0,14,5,0.051226996,4.60257E-09
K. pneumoniae,2017/18,AMOXICILLIN_CLAVULANATE,NITROFURANTOIN,1987,2386,42,96,0.01753097,0.00047516
K. pneumoniae,2017/18,AMOXICILLIN_CLAVULANATE,PIPERACILLIN_TAZOBACTAM,4111,68,70,69,0.080137831,7.80421E-73
K. pneumoniae,2017/18,AMOXICILLIN_CLAVULANATE,SULFA_TRIMETHOPRIM,4355,290,74,80,0.068925188,2.14859E-50
K. pneumoniae,2017/18,AMOXICILLIN_CLAVULANATE,TOBRAMYCIN,4620,24,77,77,0.08414048,1.0063E-102
K. pneumoniae,2017/18,AMPICILLIN_SULBACTAM,AZTREONAM,3619,14,480,52,0.048005614,4.96065E-35
K. pneumoniae,2017/18,AMPICILLIN_SULBACTAM,CEFAZOLIN,6378,21,661,184,0.100246265,2.8254E-153
K. pneumoniae,2017/18,AMPICILLIN_SULBACTAM,CEFEPIME,6182,4,861,62,0.033598925,7.43379E-51
K. pneumoniae,2017/18,AMPICILLIN_SULBACTAM,CEFTAZIDIME,6606,9,840,127,0.064585997,1.5042E-104
K. pneumoniae,2017/18,AMPICILLIN_SULBACTAM,CEFTRIAXONE,7196,18,933,167,0.076576424,8.8617E-129
K. pneumoniae,2017/18,AMPICILLIN_SULBACTAM,CEFUROXIME,3123,175,305,156,0.136770928,3.14671E-63
K. pneumoniae,2017/18,AMPICILLIN_SULBACTAM,CIPROFLOXACIN,8671,60,1110,158,0.059934565,6.11181E-95
K. pneumoniae,2017/18,AMPICILLIN_SULBACTAM,GENTAMICIN,8714,18,1148,122,0.047398625,5.45566E-91
K. pneumoniae,2017/18,AMPICILLIN_SULBACTAM,IMIPENEM,4677,3,672,21,0.015194358,2.21214E-16
K. pneumoniae,2017/18,AMPICILLIN_SULBACTAM,LEVOFLOXACIN,5647,30,750,91,0.053059022,8.00595E-57
K. pneumoniae,2017/18,AMPICILLIN_SULBACTAM,MEROPENEM,3316,1,478,21,0.021136343,3.73032E-18
K. pneumoniae,2017/18,AMPICILLIN_SULBACTAM,NITROFURANTOIN,3751,4195,381,734,0.05575566,1.59078E-16
K. pneumoniae,2017/18,AMPICILLIN_SULBACTAM,PIPERACILLIN_TAZOBACTAM,8085,4,940,321,0.126318601,1.474E-288
K. pneumoniae,2017/18,AMPICILLIN_SULBACTAM,SULFA_TRIMETHOPRIM,8312,420,899,368,0.119476526,5.123E-137
K. pneumoniae,2017/18,AMPICILLIN_SULBACTAM,TOBRAMYCIN,6713,22,836,119,0.060344161,4.28278E-87
K. pneumoniae,2017/18,AZTREONAM,CEFAZOLIN,3850,89,8,40,0.053828508,1.09106E-54
K. pneumoniae,2017/18,AZTREONAM,CEFEPIME,3531,4,37,47,0.071578874,4.34827E-79
K. pneumoniae,2017/18,AZTREONAM,CEFTAZIDIME,2648,8,7,26,0.057785341,2.34293E-49
K. pneumoniae,2017/18,AZTREONAM,CEFTRIAXONE,3364,11,9,74,0.110026498,6.6293E-130
K. pneumoniae,2017/18,AZTREONAM,CEFUROXIME,3228,279,11,35,0.042356105,1.20574E-28
K. pneumoniae,2017/18,AZTREONAM,CIPROFLOXACIN,4504,63,48,39,0.045467211,2.23591E-44
K. pneumoniae,2017/18,AZTREONAM,GENTAMICIN,4547,24,54,33,0.040953816,5.20653E-45
K. pneumoniae,2017/18,AZTREONAM,IMIPENEM,1012,2,6,10,0.057332419,1.47514E-18
K. pneumoniae,2017/18,AZTREONAM,LEVOFLOXACIN,1424,21,14,12,0.044335031,1.38605E-14
K. pneumoniae,2017/18,AZTREONAM,MEROPENEM,3672,5,47,15,0.024468644,4.68485E-24
K. pneumoniae,2017/18,AZTREONAM,NITROFURANTOIN,1912,1974,21,36,0.006999772,0.081928268
K. pneumoniae,2017/18,AZTREONAM,PIPERACILLIN_TAZOBACTAM,3851,111,35,50,0.061809857,8.72135E-51
K. pneumoniae,2017/18,AZTREONAM,SULFA_TRIMETHOPRIM,4236,336,23,64,0.05906234,4.95347E-51
K. pneumoniae,2017/18,AZTREONAM,TOBRAMYCIN,4451,35,34,45,0.056271311,3.55743E-64
K. pneumoniae,2017/18,CEFAZOLIN,CEFEPIME,4694,1,123,46,0.049308195,4.98879E-69
K. pneumoniae,2017/18,CEFAZOLIN,CEFTAZIDIME,4885,2,112,75,0.075130222,4.4189E-112
K. pneumoniae,2017/18,CEFAZOLIN,CEFTRIAXONE,5828,2,129,103,0.084996491,2.5676E-154
K. pneumoniae,2017/18,CEFAZOLIN,CEFUROXIME,2916,237,48,51,0.061962475,3.44904E-29
K. pneumoniae,2017/18,CEFAZOLIN,CIPROFLOXACIN,7422,79,177,72,0.047379667,1.21738E-69
K. pneumoniae,2017/18,CEFAZOLIN,GENTAMICIN,7478,24,191,58,0.040281397,4.07436E-70
K. pneumoniae,2017/18,CEFAZOLIN,IMIPENEM,2811,2,105,10,0.01800454,3.66253E-13
K. pneumoniae,2017/18,CEFAZOLIN,LEVOFLOXACIN,3877,40,120,28,0.033557355,1.14754E-23
K. pneumoniae,2017/18,CEFAZOLIN,MEROPENEM,3552,4,115,20,0.028827463,4.13943E-26
K. pneumoniae,2017/18,CEFAZOLIN,NITROFURANTOIN,3109,3749,54,155,0.021855534,1.15708E-08
K. pneumoniae,2017/18,CEFAZOLIN,PIPERACILLIN_TAZOBACTAM,6754,101,129,102,0.072483905,1.4897E-104
K. pneumoniae,2017/18,CEFAZOLIN,SULFA_TRIMETHOPRIM,7046,455,130,117,0.061925702,7.27282E-69
K. pneumoniae,2017/18,CEFAZOLIN,TOBRAMYCIN,5349,29,127,37,0.035713648,8.67627E-41
K. pneumoniae,2017/18,CEFEPIME,CEFTAZIDIME,6063,51,2,49,0.046831896,1.79507E-91
K. pneumoniae,2017/18,CEFEPIME,CEFTRIAXONE,7227,89,3,81,0.060637416,2.4515E-138
K. pneumoniae,2017/18,CEFEPIME,CEFUROXIME,2673,260,1,30,0.042119378,3.60778E-30
K. pneumoniae,2017/18,CEFEPIME,CIPROFLOXACIN,7422,117,32,59,0.043645084,1.20758E-77
K. pneumoniae,2017/18,CEFEPIME,GENTAMICIN,7481,65,50,41,0.031789498,8.52321E-55
K. pneumoniae,2017/18,CEFEPIME,IMIPENEM,3894,6,19,12,0.020575144,9.12362E-23
K. pneumoniae,2017/18,CEFEPIME,LEVOFLOXACIN,4485,60,25,21,0.026302366,4.6476E-26
K. pneumoniae,2017/18,CEFEPIME,MEROPENEM,3754,5,29,26,0.041598929,1.96101E-46
K. pneumoniae,2017/18,CEFEPIME,NITROFURANTOIN,3045,3687,15,51,0.00838885,0.000250447
K. pneumoniae,2017/18,CEFEPIME,PIPERACILLIN_TAZOBACTAM,7304,224,25,52,0.035907922,5.00748E-58
K. pneumoniae,2017/18,CEFEPIME,SULFA_TRIMETHOPRIM,6984,559,21,68,0.039142585,1.29257E-56
K. pneumoniae,2017/18,CEFEPIME,TOBRAMYCIN,6889,91,19,51,0.042091698,6.56692E-75
K. pneumoniae,2017/18,CEFTAZIDIME,CEFTRIAXONE,7429,16,7,127,0.089487831,1.3406E-247
K. pneumoniae,2017/18,CEFTAZIDIME,CEFUROXIME,2541,244,1,38,0.055376405,3.18722E-38
K. pneumoniae,2017/18,CEFTAZIDIME,CIPROFLOXACIN,7348,95,78,68,0.048887641,5.77033E-79
K. pneumoniae,2017/18,CEFTAZIDIME,GENTAMICIN,7404,42,79,67,0.05057066,3.31983E-93
K. pneumoniae,2017/18,CEFTAZIDIME,IMIPENEM,4960,5,80,15,0.017831511,5.80826E-23
K. pneumoniae,2017/18,CEFTAZIDIME,LEVOFLOXACIN,5595,65,83,44,0.040742708,6.61876E-47
K. pneumoniae,2017/18,CEFTAZIDIME,MEROPENEM,2739,3,16,11,0.026020067,2.59179E-21
K. pneumoniae,2017/18,CEFTAZIDIME,NITROFURANTOIN,3077,3790,28,104,0.016858558,2.49676E-08
K. pneumoniae,2017/18,CEFTAZIDIME,PIPERACILLIN_TAZOBACTAM,7232,188,78,55,0.036452629,1.9282E-48
K. pneumoniae,2017/18,CEFTAZIDIME,SULFA_TRIMETHOPRIM,6957,489,49,95,0.054665326,2.80946E-72
K. pneumoniae,2017/18,CEFTAZIDIME,TOBRAMYCIN,6071,55,41,62,0.056657601,1.54672E-87
K. pneumoniae,2017/18,CEFTRIAXONE,CEFUROXIME,2585,245,4,42,0.060786454,6.043E-39
K. pneumoniae,2017/18,CEFTRIAXONE,CIPROFLOXACIN,8508,103,115,100,0.060377468,1.3323E-114
K. pneumoniae,2017/18,CEFTRIAXONE,GENTAMICIN,8577,39,117,98,0.061586166,6.0647E-136
K. pneumoniae,2017/18,CEFTRIAXONE,IMIPENEM,4951,5,90,18,0.020914316,5.92065E-27
K. pneumoniae,2017/18,CEFTRIAXONE,LEVOFLOXACIN,5594,66,93,46,0.041910334,1.74841E-47
K. pneumoniae,2017/18,CEFTRIAXONE,MEROPENEM,3832,4,59,22,0.032904231,5.6383E-35
K. pneumoniae,2017/18,CEFTRIAXONE,NITROFURANTOIN,3483,4348,39,133,0.017771873,5.36104E-09
K. pneumoniae,2017/18,CEFTRIAXONE,PIPERACILLIN_TAZOBACTAM,8354,229,109,95,0.053166612,1.19934E-84
K. pneumoniae,2017/18,CEFTRIAXONE,SULFA_TRIMETHOPRIM,8030,585,65,148,0.071926497,2.3732E-113
K. pneumoniae,2017/18,CEFTRIAXONE,TOBRAMYCIN,6704,49,56,90,0.072194596,6.8102E-129
K. pneumoniae,2017/18,CEFUROXIME,CIPROFLOXACIN,3397,34,286,45,0.048796111,3.12933E-28
K. pneumoniae,2017/18,CEFUROXIME,GENTAMICIN,3412,19,313,18,0.018840581,2.3939E-10
K. pneumoniae,2017/18,CEFUROXIME,IMIPENEM,827,2,72,9,0.042695324,1.09045E-08
K. pneumoniae,2017/18,CEFUROXIME,LEVOFLOXACIN,1309,10,104,28,0.081170361,9.52467E-23
K. pneumoniae,2017/18,CEFUROXIME,MEROPENEM,2502,4,256,8,0.011980923,2.16928E-06
K. pneumoniae,2017/18,CEFUROXIME,NITROFURANTOIN,1527,1371,75,198,0.077949597,8.47563E-16
K. pneumoniae,2017/18,CEFUROXIME,PIPERACILLIN_TAZOBACTAM,2761,62,253,53,0.062257615,4.47494E-25
K. pneumoniae,2017/18,CEFUROXIME,SULFA_TRIMETHOPRIM,3194,237,261,70,0.050302165,4.112E-15
K. pneumoniae,2017/18,CEFUROXIME,TOBRAMYCIN,3256,28,289,26,0.028348023,2.28786E-14
K. pneumoniae,2017/18,CIPROFLOXACIN,GENTAMICIN,10265,96,255,130,0.061589858,1.9089E-134
K. pneumoniae,2017/18,CIPROFLOXACIN,IMIPENEM,5259,13,148,35,0.034446479,1.17098E-42
K. pneumoniae,2017/18,CIPROFLOXACIN,LEVOFLOXACIN,6400,3,59,159,0.118234692,4.6552E-265
K. pneumoniae,2017/18,CIPROFLOXACIN,MEROPENEM,4242,9,176,56,0.06107944,2.15391E-65
K. pneumoniae,2017/18,CIPROFLOXACIN,NITROFURANTOIN,4323,5112,51,247,0.032492697,8.43301E-25
K. pneumoniae,2017/18,CIPROFLOXACIN,PIPERACILLIN_TAZOBACTAM,9361,272,155,73,0.034425141,1.60392E-51
K. pneumoniae,2017/18,CIPROFLOXACIN,SULFA_TRIMETHOPRIM,9618,740,92,292,0.11208212,2.3148E-228
K. pneumoniae,2017/18,CIPROFLOXACIN,TOBRAMYCIN,8003,83,98,218,0.127245337,2.0637E-279
K. pneumoniae,2017/18,GENTAMICIN,IMIPENEM,5310,32,97,16,0.015717126,5.05467E-16
K. pneumoniae,2017/18,GENTAMICIN,LEVOFLOXACIN,6365,126,96,37,0.027527412,6.87826E-30
K. pneumoniae,2017/18,GENTAMICIN,MEROPENEM,4320,52,103,13,0.013127533,6.19538E-09
K. pneumoniae,2017/18,GENTAMICIN,NITROFURANTOIN,4334,5219,42,141,0.016039752,6.4836E-10
K. pneumoniae,2017/18,GENTAMICIN,PIPERACILLIN_TAZOBACTAM,9422,296,98,50,0.024002087,2.24646E-36
K. pneumoniae,2017/18,GENTAMICIN,SULFA_TRIMETHOPRIM,9666,856,47,177,0.068964192,5.1795E-140
K. pneumoniae,2017/18,GENTAMICIN,TOBRAMYCIN,8084,138,19,163,0.098710859,2.5996E-234
K. pneumoniae,2017/18,IMIPENEM,LEVOFLOXACIN,5297,99,14,32,0.033411435,5.30103E-43
K. pneumoniae,2017/18,IMIPENEM,MEROPENEM,922,1,0,31,0.152671201,3.23893E-56
K. pneumoniae,2017/18,IMIPENEM,NITROFURANTOIN,2123,2779,2,20,0.005584457,0.000827415
K. pneumoniae,2017/18,IMIPENEM,PIPERACILLIN_TAZOBACTAM,5162,160,4,21,0.021284437,4.6291E-28
K. pneumoniae,2017/18,IMIPENEM,SULFA_TRIMETHOPRIM,4967,439,12,36,0.02854697,5.16859E-29
K. pneumoniae,2017/18,IMIPENEM,TOBRAMYCIN,4047,111,9,35,0.044362023,6.49314E-45
K. pneumoniae,2017/18,LEVOFLOXACIN,MEROPENEM,1208,4,39,29,0.10766842,4.71292E-36
K. pneumoniae,2017/18,LEVOFLOXACIN,NITROFURANTOIN,2597,3264,17,105,0.022836913,1.6627E-12
K. pneumoniae,2017/18,LEVOFLOXACIN,PIPERACILLIN_TAZOBACTAM,6014,179,81,39,0.029024316,1.67735E-28
K. pneumoniae,2017/18,LEVOFLOXACIN,SULFA_TRIMETHOPRIM,5989,474,58,105,0.066235014,7.06764E-73
K. pneumoniae,2017/18,LEVOFLOXACIN,TOBRAMYCIN,4949,94,55,73,0.072572022,4.60228E-81
K. pneumoniae,2017/18,MEROPENEM,NITROFURANTOIN,1784,1979,0,34,0.014704993,4.57727E-09
K. pneumoniae,2017/18,MEROPENEM,PIPERACILLIN_TAZOBACTAM,4134,113,1,26,0.032577516,4.85212E-39
K. pneumoniae,2017/18,MEROPENEM,SULFA_TRIMETHOPRIM,3958,463,11,54,0.048141314,4.52606E-41
K. pneumoniae,2017/18,MEROPENEM,TOBRAMYCIN,3699,155,15,43,0.053898173,2.86502E-45
K. pneumoniae,2017/18,NITROFURANTOIN,PIPERACILLIN_TAZOBACTAM,3964,83,4744,201,0.01959855,3.86786E-08
K. pneumoniae,2017/18,NITROFURANTOIN,SULFA_TRIMETHOPRIM,4148,226,4704,656,0.068358584,4.25194E-35
K. pneumoniae,2017/18,NITROFURANTOIN,TOBRAMYCIN,3378,49,3914,178,0.028012376,3.13957E-14
K. pneumoniae,2017/18,PIPERACILLIN_TAZOBACTAM,SULFA_TRIMETHOPRIM,8847,671,210,136,0.05156356,1.27014E-60
K. pneumoniae,2017/18,PIPERACILLIN_TAZOBACTAM,TOBRAMYCIN,7187,90,195,61,0.039781877,1.46717E-51
K. pneumoniae,2017/18,SULFA_TRIMETHOPRIM,TOBRAMYCIN,7534,47,569,252,0.123691704,1.4824E-218
P. aeruginosa,2015/16,AMIKACIN,AZTREONAM,1436,312,48,43,0.059278577,4.79952E-10
P. aeruginosa,2015/16,AMIKACIN,CEFEPIME,2133,198,64,55,0.080394585,2.71281E-25
P. aeruginosa,2015/16,AMIKACIN,CEFTAZIDIME,1606,138,79,29,0.046592454,1.74577E-08
P. aeruginosa,2015/16,AMIKACIN,CIPROFLOXACIN,2046,300,62,59,0.07443826,2.69579E-20
P. aeruginosa,2015/16,AMIKACIN,GENTAMICIN,2112,235,6,112,0.165671203,1.62743E-94
P. aeruginosa,2015/16,AMIKACIN,IMIPENEM,1211,159,51,40,0.083713693,1.58898E-13
P. aeruginosa,2015/16,AMIKACIN,LEVOFLOXACIN,1372,227,43,43,0.076112389,3.84109E-14
P. aeruginosa,2015/16,AMIKACIN,MEROPENEM,2166,144,77,34,0.049796619,4.59505E-14
P. aeruginosa,2015/16,AMIKACIN,PIPERACILLIN_TAZOBACTAM,2184,148,92,27,0.034310021,2.22996E-08
P. aeruginosa,2015/16,AMIKACIN,TOBRAMYCIN,2280,53,70,51,0.094466003,4.90149E-43
P. aeruginosa,2015/16,AZTREONAM,CEFEPIME,1448,39,205,154,0.262719304,1.99339E-85
P. aeruginosa,2015/16,AZTREONAM,CEFTAZIDIME,1380,23,202,118,0.223629988,3.7445E-71
P. aeruginosa,2015/16,AZTREONAM,CIPROFLOXACIN,1399,153,256,114,0.137009855,6.44182E-22
P. aeruginosa,2015/16,AZTREONAM,GENTAMICIN,1376,178,277,92,0.087042966,3.50223E-10
P. aeruginosa,2015/16,AZTREONAM,IMIPENEM,986,95,201,81,0.137352059,3.54454E-16
P. aeruginosa,2015/16,AZTREONAM,LEVOFLOXACIN,1083,124,184,119,0.194660975,1.75873E-29
P. aeruginosa,2015/16,AZTREONAM,MEROPENEM,1440,41,274,76,0.126108421,1.07734E-29
P. aeruginosa,2015/16,AZTREONAM,PIPERACILLIN_TAZOBACTAM,1482,6,251,104,0.183618095,3.32318E-72
P. aeruginosa,2015/16,AZTREONAM,TOBRAMYCIN,1518,32,336,34,0.047819319,2.11442E-09
P. aeruginosa,2015/16,CEFEPIME,CEFTAZIDIME,2534,65,102,161,0.22255219,7.7292E-137
P. aeruginosa,2015/16,CEFEPIME,CIPROFLOXACIN,2864,307,177,135,0.121164513,9.15993E-47
P. aeruginosa,2015/16,CEFEPIME,GENTAMICIN,2894,279,184,125,0.113934223,7.01712E-44
P. aeruginosa,2015/16,CEFEPIME,IMIPENEM,1673,167,137,68,0.095366475,7.8879E-19
P. aeruginosa,2015/16,CEFEPIME,LEVOFLOXACIN,1879,246,107,102,0.132720754,4.25745E-35
P. aeruginosa,2015/16,CEFEPIME,MEROPENEM,2377,110,192,76,0.096126232,1.76984E-32
P. aeruginosa,2015/16,CEFEPIME,PIPERACILLIN_TAZOBACTAM,3095,58,166,134,0.159772942,1.3622E-108
P. aeruginosa,2015/16,CEFEPIME,TOBRAMYCIN,2915,59,252,48,0.054888446,2.50093E-23
P. aeruginosa,2015/16,CEFTAZIDIME,CIPROFLOXACIN,2977,398,172,88,0.063769791,7.98248E-19
P. aeruginosa,2015/16,CEFTAZIDIME,GENTAMICIN,3053,326,187,72,0.052596973,3.15192E-15
P. aeruginosa,2015/16,CEFTAZIDIME,IMIPENEM,2227,227,140,68,0.074743397,9.84511E-19
P. aeruginosa,2015/16,CEFTAZIDIME,LEVOFLOXACIN,2243,364,118,85,0.081013042,2.77705E-20
P. aeruginosa,2015/16,CEFTAZIDIME,MEROPENEM,1999,72,143,44,0.071117268,2.74201E-20
P. aeruginosa,2015/16,CEFTAZIDIME,PIPERACILLIN_TAZOBACTAM,3262,23,118,111,0.141933615,2.1197E-120
P. aeruginosa,2015/16,CEFTAZIDIME,TOBRAMYCIN,2711,61,200,27,0.03171977,6.6356E-11
P. aeruginosa,2015/16,CIPROFLOXACIN,GENTAMICIN,3454,268,392,178,0.120870661,8.78709E-52
P. aeruginosa,2015/16,CIPROFLOXACIN,IMIPENEM,2111,168,259,135,0.146443899,8.26213E-42
P. aeruginosa,2015/16,CIPROFLOXACIN,LEVOFLOXACIN,2502,109,17,374,0.398486171,0
P. aeruginosa,2015/16,CIPROFLOXACIN,MEROPENEM,2397,98,287,92,0.103950839,5.12252E-35
P. aeruginosa,2015/16,CIPROFLOXACIN,PIPERACILLIN_TAZOBACTAM,3470,125,456,79,0.056448025,9.49194E-22
P. aeruginosa,2015/16,CIPROFLOXACIN,TOBRAMYCIN,3143,33,380,82,0.084764273,6.76262E-50
P. aeruginosa,2015/16,GENTAMICIN,IMIPENEM,2166,209,206,93,0.096664402,1.35657E-23
P. aeruginosa,2015/16,GENTAMICIN,LEVOFLOXACIN,2349,365,170,119,0.103754486,2.03748E-27
P. aeruginosa,2015/16,GENTAMICIN,MEROPENEM,2406,113,281,75,0.080030997,1.58884E-23
P. aeruginosa,2015/16,GENTAMICIN,PIPERACILLIN_TAZOBACTAM,3576,137,353,67,0.050449885,5.49143E-20
P. aeruginosa,2015/16,GENTAMICIN,TOBRAMYCIN,3204,4,320,109,0.116235624,4.3228E-101
P. aeruginosa,2015/16,IMIPENEM,LEVOFLOXACIN,1791,264,119,128,0.160559298,1.3585E-41
P. aeruginosa,2015/16,IMIPENEM,MEROPENEM,1412,9,98,107,0.243140318,1.10211E-97
P. aeruginosa,2015/16,IMIPENEM,PIPERACILLIN_TAZOBACTAM,2198,79,247,42,0.049465796,1.86521E-12
P. aeruginosa,2015/16,IMIPENEM,TOBRAMYCIN,1947,39,217,34,0.053003497,8.8682E-15
P. aeruginosa,2015/16,LEVOFLOXACIN,MEROPENEM,1512,50,216,62,0.108341293,7.50421E-25
P. aeruginosa,2015/16,LEVOFLOXACIN,PIPERACILLIN_TAZOBACTAM,2406,72,413,51,0.046824164,2.39663E-12
P. aeruginosa,2015/16,LEVOFLOXACIN,TOBRAMYCIN,2162,18,331,48,0.067069,6.04338E-27
P. aeruginosa,2015/16,MEROPENEM,PIPERACILLIN_TAZOBACTAM,2545,125,127,58,0.076101173,7.38008E-28
P. aeruginosa,2015/16,MEROPENEM,TOBRAMYCIN,2563,56,150,39,0.056457577,1.2559E-22
P. aeruginosa,2015/16,PIPERACILLIN_TAZOBACTAM,TOBRAMYCIN,3222,76,163,32,0.036051145,4.57977E-16
P. aeruginosa,2017/18,AMIKACIN,AZTREONAM,1725,343,52,60,0.078009491,7.36747E-18
P. aeruginosa,2017/18,AMIKACIN,CEFEPIME,2602,214,55,74,0.097872162,2.78186E-44
P. aeruginosa,2017/18,AMIKACIN,CEFTAZIDIME,1951,151,70,42,0.067533648,2.96763E-18
P. aeruginosa,2017/18,AMIKACIN,CIPROFLOXACIN,2554,301,55,75,0.089415942,1.59094E-36
P. aeruginosa,2017/18,AMIKACIN,GENTAMICIN,2607,241,10,113,0.147209195,3.8423E-99
P. aeruginosa,2017/18,AMIKACIN,IMIPENEM,847,108,29,34,0.110411795,5.35608E-15
P. aeruginosa,2017/18,AMIKACIN,LEVOFLOXACIN,1130,192,34,55,0.121564739,2.60644E-22
P. aeruginosa,2017/18,AMIKACIN,MEROPENEM,2592,166,75,40,0.052437181,6.29084E-19
P. aeruginosa,2017/18,AMIKACIN,PIPERACILLIN_TAZOBACTAM,2640,195,91,40,0.046179856,5.40965E-15
P. aeruginosa,2017/18,AMIKACIN,TOBRAMYCIN,2615,36,78,50,0.086023366,2.59342E-48
P. aeruginosa,2017/18,AZTREONAM,CEFEPIME,1731,49,224,181,0.26516683,9.5603E-103
P. aeruginosa,2017/18,AZTREONAM,CEFTAZIDIME,1691,40,238,139,0.215860276,1.99471E-77
P. aeruginosa,2017/18,AZTREONAM,CIPROFLOXACIN,1620,156,273,131,0.15110803,1.2014E-30
P. aeruginosa,2017/18,AZTREONAM,GENTAMICIN,1587,181,303,97,0.088337001,2.10588E-12
P. aeruginosa,2017/18,AZTREONAM,IMIPENEM,710,60,127,68,0.183906105,1.79663E-19
P. aeruginosa,2017/18,AZTREONAM,LEVOFLOXACIN,934,95,157,124,0.244139136,2.7166E-37
P. aeruginosa,2017/18,AZTREONAM,MEROPENEM,1660,51,268,105,0.159651522,1.16761E-46
P. aeruginosa,2017/18,AZTREONAM,PIPERACILLIN_TAZOBACTAM,1760,21,268,137,0.206417573,6.50778E-86
P. aeruginosa,2017/18,AZTREONAM,TOBRAMYCIN,1752,26,362,43,0.06028835,3.26933E-16
P. aeruginosa,2017/18,CEFEPIME,CEFTAZIDIME,2954,76,110,173,0.210422623,2.7901E-149
P. aeruginosa,2017/18,CEFEPIME,CIPROFLOXACIN,3472,321,197,145,0.115428494,1.85538E-55
P. aeruginosa,2017/18,CEFEPIME,GENTAMICIN,3541,256,205,126,0.105197271,4.23824E-52
P. aeruginosa,2017/18,CEFEPIME,IMIPENEM,1538,128,102,59,0.10433935,8.47366E-22
P. aeruginosa,2017/18,CEFEPIME,LEVOFLOXACIN,1944,227,108,115,0.152503867,2.42932E-45
P. aeruginosa,2017/18,CEFEPIME,MEROPENEM,2696,128,190,85,0.09833074,1.21432E-38
P. aeruginosa,2017/18,CEFEPIME,PIPERACILLIN_TAZOBACTAM,3675,90,165,158,0.160273826,2.6396E-126
P. aeruginosa,2017/18,CEFEPIME,TOBRAMYCIN,3415,42,270,52,0.056204786,1.88889E-32
P. aeruginosa,2017/18,CEFTAZIDIME,CIPROFLOXACIN,3194,389,191,90,0.062403868,1.14461E-19
P. aeruginosa,2017/18,CEFTAZIDIME,GENTAMICIN,3277,299,207,71,0.050740256,5.63498E-16
P. aeruginosa,2017/18,CEFTAZIDIME,IMIPENEM,1973,185,116,63,0.084219065,1.41054E-20
P. aeruginosa,2017/18,CEFTAZIDIME,LEVOFLOXACIN,2295,353,134,86,0.078984985,1.85393E-19
P. aeruginosa,2017/18,CEFTAZIDIME,MEROPENEM,2031,101,140,52,0.077975746,1.79297E-21
P. aeruginosa,2017/18,CEFTAZIDIME,PIPERACILLIN_TAZOBACTAM,3522,34,118,133,0.155263357,1.2255E-140
P. aeruginosa,2017/18,CEFTAZIDIME,TOBRAMYCIN,2902,52,209,33,0.039766012,1.55153E-16
P. aeruginosa,2017/18,CIPROFLOXACIN,GENTAMICIN,3907,262,389,160,0.104182825,2.21119E-50
P. aeruginosa,2017/18,CIPROFLOXACIN,IMIPENEM,1921,138,166,117,0.162537673,9.75285E-49
P. aeruginosa,2017/18,CIPROFLOXACIN,LEVOFLOXACIN,2466,110,16,352,0.387292911,0
P. aeruginosa,2017/18,CIPROFLOXACIN,MEROPENEM,2646,126,282,89,0.090658927,4.80814E-31
P. aeruginosa,2017/18,CIPROFLOXACIN,PIPERACILLIN_TAZOBACTAM,3895,171,465,78,0.046508164,1.58479E-17
P. aeruginosa,2017/18,CIPROFLOXACIN,TOBRAMYCIN,3366,32,374,66,0.066467817,2.06389E-40
P. aeruginosa,2017/18,GENTAMICIN,IMIPENEM,1958,193,133,62,0.076891355,4.6332E-17
P. aeruginosa,2017/18,GENTAMICIN,LEVOFLOXACIN,2341,344,137,111,0.107503322,4.27696E-31
P. aeruginosa,2017/18,GENTAMICIN,MEROPENEM,2656,148,264,59,0.053232803,2.07921E-14
P. aeruginosa,2017/18,GENTAMICIN,PIPERACILLIN_TAZOBACTAM,4011,182,344,64,0.04108387,2.19284E-16
P. aeruginosa,2017/18,GENTAMICIN,TOBRAMYCIN,3440,9,292,87,0.09407212,1.55995E-80
P. aeruginosa,2017/18,IMIPENEM,LEVOFLOXACIN,1861,224,117,131,0.173713535,1.35039E-50
P. aeruginosa,2017/18,IMIPENEM,MEROPENEM,877,6,38,97,0.332066021,1.14381E-95
P. aeruginosa,2017/18,IMIPENEM,PIPERACILLIN_TAZOBACTAM,1979,66,197,44,0.064612746,6.36706E-17
P. aeruginosa,2017/18,IMIPENEM,TOBRAMYCIN,1634,19,159,29,0.061831267,5.0001E-18
P. aeruginosa,2017/18,LEVOFLOXACIN,MEROPENEM,1218,59,174,71,0.143319961,8.83286E-27
P. aeruginosa,2017/18,LEVOFLOXACIN,PIPERACILLIN_TAZOBACTAM,2356,86,386,58,0.05411788,8.79201E-14
P. aeruginosa,2017/18,LEVOFLOXACIN,TOBRAMYCIN,2029,18,303,42,0.062906664,4.15201E-23
P. aeruginosa,2017/18,MEROPENEM,PIPERACILLIN_TAZOBACTAM,2738,160,137,72,0.084522098,6.66075E-33
P. aeruginosa,2017/18,MEROPENEM,TOBRAMYCIN,2633,45,179,31,0.042610348,6.60438E-17
P. aeruginosa,2017/18,PIPERACILLIN_TAZOBACTAM,TOBRAMYCIN,3460,62,202,30,0.03137181,4.37877E-15
P. mirabilis,2015/16,AMOXICILLIN_CLAVULANATE,AMPICILLIN,1401,152,1,3,0.008043455,0.003593244
P. mirabilis,2015/16,AMOXICILLIN_CLAVULANATE,AMPICILLIN_SULBACTAM,1498,52,1,3,0.010395604,0.000163877
P. mirabilis,2015/16,AMOXICILLIN_CLAVULANATE,AZTREONAM,4,0,0,0,,
P. mirabilis,2015/16,AMOXICILLIN_CLAVULANATE,CEFAZOLIN,755,17,1,2,0.014752934,0.00168535
P. mirabilis,2015/16,AMOXICILLIN_CLAVULANATE,CEFTAZIDIME,1459,7,0,1,0.009526072,0.00012441
P. mirabilis,2015/16,AMOXICILLIN_CLAVULANATE,CEFTRIAXONE,1459,8,1,0,0.004483905,0.020255968
P. mirabilis,2015/16,AMOXICILLIN_CLAVULANATE,CEFUROXIME,48,0,3,0,,
P. mirabilis,2015/16,AMOXICILLIN_CLAVULANATE,CIPROFLOXACIN,1349,203,2,2,0.004314063,0.086522428
P. mirabilis,2015/16,AMOXICILLIN_CLAVULANATE,GENTAMICIN,1481,72,3,1,0.002577612,0.174914982
P. mirabilis,2015/16,AMOXICILLIN_CLAVULANATE,LEVOFLOXACIN,1272,145,1,0,0.002209408,0.279347334
P. mirabilis,2015/16,AMOXICILLIN_CLAVULANATE,PIPERACILLIN_TAZOBACTAM,1456,1,1,0,0.005265502,0.006147526
P. mirabilis,2015/16,AMOXICILLIN_CLAVULANATE,SULFA_TRIMETHOPRIM,1369,184,2,2,0.004517662,0.072367895
P. mirabilis,2015/16,AMOXICILLIN_CLAVULANATE,TOBRAMYCIN,1427,60,2,0,0.002808638,0.156192143
P. mirabilis,2015/16,AMPICILLIN,AMPICILLIN_SULBACTAM,3286,1,435,266,0.218399993,1.5309E-220
P. mirabilis,2015/16,AMPICILLIN,AZTREONAM,1263,26,256,9,0.008116436,0.173082385
P. mirabilis,2015/16,AMPICILLIN,CEFAZOLIN,2231,15,367,124,0.152851438,1.03345E-80
P. mirabilis,2015/16,AMPICILLIN,CEFTAZIDIME,2516,3,426,34,0.041459814,4.44175E-25
P. mirabilis,2015/16,AMPICILLIN,CEFTRIAXONE,2765,7,503,62,0.06500938,2.82866E-41
P. mirabilis,2015/16,AMPICILLIN,CEFUROXIME,1312,2,248,21,0.046464783,6.39611E-15
P. mirabilis,2015/16,AMPICILLIN,CIPROFLOXACIN,3115,575,240,506,0.298148955,5.8353E-175
P. mirabilis,2015/16,AMPICILLIN,GENTAMICIN,3597,95,596,151,0.108179064,8.95593E-60
P. mirabilis,2015/16,AMPICILLIN,LEVOFLOXACIN,2498,332,209,333,0.279096372,7.8424E-128
P. mirabilis,2015/16,AMPICILLIN,PIPERACILLIN_TAZOBACTAM,3179,2,662,6,0.005295785,0.000545924
P. mirabilis,2015/16,AMPICILLIN,SULFA_TRIMETHOPRIM,3394,298,258,488,0.331543494,2.1655E-243
P. mirabilis,2015/16,AMPICILLIN,TOBRAMYCIN,2739,46,379,106,0.113718435,1.90494E-56
P. mirabilis,2015/16,AMPICILLIN_SULBACTAM,AZTREONAM,1259,28,93,5,0.008410168,0.078055646
P. mirabilis,2015/16,AMPICILLIN_SULBACTAM,CEFAZOLIN,2108,30,61,93,0.176690493,2.18153E-96
P. mirabilis,2015/16,AMPICILLIN_SULBACTAM,CEFTAZIDIME,2758,13,152,24,0.038100384,1.64661E-21
P. mirabilis,2015/16,AMPICILLIN_SULBACTAM,CEFTRIAXONE,2899,21,171,45,0.064655123,1.40835E-38
P. mirabilis,2015/16,AMPICILLIN_SULBACTAM,CEFUROXIME,1457,5,106,18,0.050477172,8.67551E-17
P. mirabilis,2015/16,AMPICILLIN_SULBACTAM,CIPROFLOXACIN,2922,838,129,141,0.078386685,9.96814E-25
P. mirabilis,2015/16,AMPICILLIN_SULBACTAM,GENTAMICIN,3656,105,157,114,0.119253373,3.64633E-83
P. mirabilis,2015/16,AMPICILLIN_SULBACTAM,LEVOFLOXACIN,2587,576,117,89,0.060964792,1.6453E-15
P. mirabilis,2015/16,AMPICILLIN_SULBACTAM,PIPERACILLIN_TAZOBACTAM,3194,1,246,6,0.007995639,9.48944E-07
P. mirabilis,2015/16,AMPICILLIN_SULBACTAM,SULFA_TRIMETHOPRIM,3207,552,125,146,0.106790924,2.49065E-46
P. mirabilis,2015/16,AMPICILLIN_SULBACTAM,TOBRAMYCIN,2774,66,118,75,0.106916607,2.56648E-57
P. mirabilis,2015/16,AZTREONAM,CEFAZOLIN,628,44,4,3,0.018244133,0.008949771
P. mirabilis,2015/16,AZTREONAM,CEFTAZIDIME,802,3,27,3,0.018333212,0.000780063
P. mirabilis,2015/16,AZTREONAM,CEFTRIAXONE,1118,17,27,5,0.019677393,0.000212587
P. mirabilis,2015/16,AZTREONAM,CEFUROXIME,1143,12,30,3,0.011217406,0.00708175
P. mirabilis,2015/16,AZTREONAM,CIPROFLOXACIN,1178,378,24,11,0.006265016,0.324167415
P. mirabilis,2015/16,AZTREONAM,GENTAMICIN,1472,85,32,3,0.002819357,0.43834581
P. mirabilis,2015/16,AZTREONAM,LEVOFLOXACIN,870,202,24,6,0.001231916,0.815071211
P. mirabilis,2015/16,AZTREONAM,PIPERACILLIN_TAZOBACTAM,1266,3,32,1,0.003732759,0.097701133
P. mirabilis,2015/16,AZTREONAM,SULFA_TRIMETHOPRIM,1262,294,28,7,0.000956256,0.828394604
P. mirabilis,2015/16,AZTREONAM,TOBRAMYCIN,1454,63,31,3,0.004378896,0.17321826
P. mirabilis,2015/16,CEFAZOLIN,CEFTAZIDIME,1285,1,48,21,0.074728508,5.80185E-28
P. mirabilis,2015/16,CEFAZOLIN,CEFTRIAXONE,1525,2,74,33,0.091989905,2.55693E-39
P. mirabilis,2015/16,CEFAZOLIN,CEFUROXIME,690,1,56,12,0.067571885,1.26021E-12
P. mirabilis,2015/16,CEFAZOLIN,CIPROFLOXACIN,1857,741,59,79,0.056645066,1.12602E-11
P. mirabilis,2015/16,CEFAZOLIN,GENTAMICIN,2468,130,84,55,0.079920541,3.5007E-31
P. mirabilis,2015/16,CEFAZOLIN,LEVOFLOXACIN,1245,410,33,56,0.076893446,1.90779E-13
P. mirabilis,2015/16,CEFAZOLIN,PIPERACILLIN_TAZOBACTAM,2035,2,118,2,0.004267938,0.017106157
P. mirabilis,2015/16,CEFAZOLIN,SULFA_TRIMETHOPRIM,2111,485,68,71,0.066808745,9.78619E-17
P. mirabilis,2015/16,CEFAZOLIN,TOBRAMYCIN,1437,64,47,37,0.096810657,5.91579E-25
P. mirabilis,2015/16,CEFTAZIDIME,CEFTRIAXONE,2921,22,5,32,0.061943279,6.81985E-56
P. mirabilis,2015/16,CEFTAZIDIME,CEFUROXIME,882,9,2,6,0.040017063,1.91011E-10
P. mirabilis,2015/16,CEFTAZIDIME,CIPROFLOXACIN,2334,607,16,21,0.019041743,1.93184E-06
P. mirabilis,2015/16,CEFTAZIDIME,GENTAMICIN,2824,120,27,10,0.014106021,2.24767E-06
P. mirabilis,2015/16,CEFTAZIDIME,LEVOFLOXACIN,2306,540,18,19,0.017741879,1.15796E-05
P. mirabilis,2015/16,CEFTAZIDIME,PIPERACILLIN_TAZOBACTAM,2913,1,33,4,0.008769816,1.03781E-07
P. mirabilis,2015/16,CEFTAZIDIME,SULFA_TRIMETHOPRIM,2528,415,17,20,0.022050613,1.83873E-08
P. mirabilis,2015/16,CEFTAZIDIME,TOBRAMYCIN,2268,81,13,6,0.011738945,3.82294E-05
P. mirabilis,2015/16,CEFTRIAXONE,CEFUROXIME,935,6,6,16,0.08962644,2.32817E-25
P. mirabilis,2015/16,CEFTRIAXONE,CIPROFLOXACIN,2590,715,35,36,0.025420808,1.1461E-07
P. mirabilis,2015/16,CEFTRIAXONE,GENTAMICIN,3163,144,50,21,0.025747021,5.51144E-12
P. mirabilis,2015/16,CEFTRIAXONE,LEVOFLOXACIN,2302,539,29,27,0.023855399,9.6483E-07
P. mirabilis,2015/16,CEFTRIAXONE,PIPERACILLIN_TAZOBACTAM,3268,4,63,4,0.00692501,9.76534E-06
P. mirabilis,2015/16,CEFTRIAXONE,SULFA_TRIMETHOPRIM,2798,507,34,37,0.033501641,1.44536E-12
P. mirabilis,2015/16,CEFTRIAXONE,TOBRAMYCIN,2531,97,30,14,0.023348857,8.1279E-10
P. mirabilis,2015/16,CEFUROXIME,CIPROFLOXACIN,1217,382,13,10,0.011441735,0.045678947
P. mirabilis,2015/16,CEFUROXIME,GENTAMICIN,1515,85,17,6,0.013977041,0.001225719
P. mirabilis,2015/16,CEFUROXIME,LEVOFLOXACIN,998,221,10,5,0.007717084,0.16948971
P. mirabilis,2015/16,CEFUROXIME,PIPERACILLIN_TAZOBACTAM,1110,4,17,2,0.009916097,0.003842038
P. mirabilis,2015/16,CEFUROXIME,SULFA_TRIMETHOPRIM,1316,283,12,11,0.018297544,0.000988026
P. mirabilis,2015/16,CEFUROXIME,TOBRAMYCIN,1306,67,13,5,0.014352735,0.001633714
P. mirabilis,2015/16,CIPROFLOXACIN,GENTAMICIN,3302,93,947,168,0.096151806,1.57886E-44
P. mirabilis,2015/16,CIPROFLOXACIN,LEVOFLOXACIN,2629,3,87,676,0.522763631,0
P. mirabilis,2015/16,CIPROFLOXACIN,PIPERACILLIN_TAZOBACTAM,2960,5,921,3,0.001172743,0.404622327
P. mirabilis,2015/16,CIPROFLOXACIN,SULFA_TRIMETHOPRIM,3240,154,453,660,0.401438914,0
P. mirabilis,2015/16,CIPROFLOXACIN,TOBRAMYCIN,2621,55,516,107,0.100233294,6.16582E-42
P. mirabilis,2015/16,GENTAMICIN,LEVOFLOXACIN,2640,588,78,92,0.073219587,3.43694E-24
P. mirabilis,2015/16,GENTAMICIN,PIPERACILLIN_TAZOBACTAM,3672,6,212,2,0.001934854,0.067671178
P. mirabilis,2015/16,GENTAMICIN,SULFA_TRIMETHOPRIM,3622,628,73,188,0.13496785,7.41307E-88
P. mirabilis,2015/16,GENTAMICIN,TOBRAMYCIN,3102,8,37,154,0.200429888,6.0928E-217
P. mirabilis,2015/16,LEVOFLOXACIN,PIPERACILLIN_TAZOBACTAM,2528,5,621,1,-0.000228227,1
P. mirabilis,2015/16,LEVOFLOXACIN,SULFA_TRIMETHOPRIM,2571,147,289,391,0.341331423,5.2898E-197
P. mirabilis,2015/16,LEVOFLOXACIN,TOBRAMYCIN,2279,56,339,66,0.077964657,1.73077E-25
P. mirabilis,2015/16,PIPERACILLIN_TAZOBACTAM,SULFA_TRIMETHOPRIM,3189,693,5,3,0.001727555,0.158453895
P. mirabilis,2015/16,PIPERACILLIN_TAZOBACTAM,TOBRAMYCIN,2808,124,4,3,0.00486975,0.002427975
P. mirabilis,2015/16,SULFA_TRIMETHOPRIM,TOBRAMYCIN,2724,43,414,119,0.123612364,3.00325E-63
P. mirabilis,2017/18,AMOXICILLIN_CLAVULANATE,AMPICILLIN,1850,276,0,17,0.031663506,3.21101E-15
P. mirabilis,2017/18,AMOXICILLIN_CLAVULANATE,AMPICILLIN_SULBACTAM,2021,106,1,16,0.035827351,7.40651E-20
P. mirabilis,2017/18,AMOXICILLIN_CLAVULANATE,AZTREONAM,538,6,14,0,0.006650938,0.207479015
P. mirabilis,2017/18,AMOXICILLIN_CLAVULANATE,CEFAZOLIN,1133,50,1,15,0.060166475,2.99041E-19
P. mirabilis,2017/18,AMOXICILLIN_CLAVULANATE,CEFTAZIDIME,1781,12,15,1,0.00263241,0.109416763
P. mirabilis,2017/18,AMOXICILLIN_CLAVULANATE,CEFTRIAXONE,1777,10,6,7,0.025005329,2.69915E-12
P. mirabilis,2017/18,AMOXICILLIN_CLAVULANATE,CEFUROXIME,503,7,5,11,0.105706942,6.78808E-15
P. mirabilis,2017/18,AMOXICILLIN_CLAVULANATE,CIPROFLOXACIN,1793,338,14,3,0.000566925,0.743063257
P. mirabilis,2017/18,AMOXICILLIN_CLAVULANATE,GENTAMICIN,2043,88,15,2,0.002731255,0.157372813
P. mirabilis,2017/18,AMOXICILLIN_CLAVULANATE,LEVOFLOXACIN,1483,186,6,1,0.000537025,0.563826277
P. mirabilis,2017/18,AMOXICILLIN_CLAVULANATE,PIPERACILLIN_TAZOBACTAM,1907,2,15,0,0.003155055,0.034832716
P. mirabilis,2017/18,AMOXICILLIN_CLAVULANATE,SULFA_TRIMETHOPRIM,1841,290,12,5,0.005370071,0.071971686
P. mirabilis,2017/18,AMOXICILLIN_CLAVULANATE,TOBRAMYCIN,2046,84,15,2,0.002816649,0.146370139
P. mirabilis,2017/18,AMPICILLIN,AMPICILLIN_SULBACTAM,3659,3,537,353,0.243709734,1.5874E-273
P. mirabilis,2017/18,AMPICILLIN,AZTREONAM,1643,35,389,7,-0.00194098,0.843344531
P. mirabilis,2017/18,AMPICILLIN,CEFAZOLIN,2902,33,532,196,0.171950021,4.8493E-111
P. mirabilis,2017/18,AMPICILLIN,CEFTAZIDIME,2883,6,665,42,0.038489619,2.876E-24
P. mirabilis,2017/18,AMPICILLIN,CEFTRIAXONE,3347,5,762,67,0.052605673,4.63266E-42
P. mirabilis,2017/18,AMPICILLIN,CEFUROXIME,1340,7,290,33,0.06484563,3.57613E-18
P. mirabilis,2017/18,AMPICILLIN,CIPROFLOXACIN,3397,603,379,568,0.284492344,1.7693E-164
P. mirabilis,2017/18,AMPICILLIN,GENTAMICIN,3926,76,771,179,0.113186657,4.44165E-75
P. mirabilis,2017/18,AMPICILLIN,LEVOFLOXACIN,2264,324,271,333,0.270319762,1.94E-102
P. mirabilis,2017/18,AMPICILLIN,PIPERACILLIN_TAZOBACTAM,3696,1,909,11,0.007848637,1.8422E-07
P. mirabilis,2017/18,AMPICILLIN,SULFA_TRIMETHOPRIM,3692,308,340,608,0.356647182,2.0554E-291
P. mirabilis,2017/18,AMPICILLIN,TOBRAMYCIN,3059,43,526,135,0.119706153,2.28275E-69
P. mirabilis,2017/18,AMPICILLIN_SULBACTAM,AZTREONAM,1666,38,147,3,-0.00067669,1
P. mirabilis,2017/18,AMPICILLIN_SULBACTAM,CEFAZOLIN,2949,77,110,142,0.179558007,2.9014E-120
P. mirabilis,2017/18,AMPICILLIN_SULBACTAM,CEFTAZIDIME,3277,18,265,30,0.035652421,1.28884E-21
P. mirabilis,2017/18,AMPICILLIN_SULBACTAM,CEFTRIAXONE,3621,16,266,53,0.058872608,1.02269E-45
P. mirabilis,2017/18,AMPICILLIN_SULBACTAM,CEFUROXIME,1512,14,123,26,0.064672724,4.65189E-19
P. mirabilis,2017/18,AMPICILLIN_SULBACTAM,CIPROFLOXACIN,3285,925,205,151,0.06118861,2.13805E-16
P. mirabilis,2017/18,AMPICILLIN_SULBACTAM,GENTAMICIN,4120,92,209,149,0.136168307,7.8017E-114
P. mirabilis,2017/18,AMPICILLIN_SULBACTAM,LEVOFLOXACIN,2339,556,156,94,0.056349761,1.09836E-10
P. mirabilis,2017/18,AMPICILLIN_SULBACTAM,PIPERACILLIN_TAZOBACTAM,3889,1,338,11,0.011512275,1.13191E-11
P. mirabilis,2017/18,AMPICILLIN_SULBACTAM,SULFA_TRIMETHOPRIM,3550,661,161,195,0.120723819,1.18707E-57
P. mirabilis,2017/18,AMPICILLIN_SULBACTAM,TOBRAMYCIN,3189,60,171,107,0.127800365,1.59936E-83
P. mirabilis,2017/18,AZTREONAM,CEFAZOLIN,1623,139,33,6,0.00684169,0.12421787
P. mirabilis,2017/18,AZTREONAM,CEFTAZIDIME,1148,2,32,4,0.018485667,1.03109E-05
P. mirabilis,2017/18,AZTREONAM,CEFTRIAXONE,1485,14,33,4,0.012384138,0.000686056
P. mirabilis,2017/18,AZTREONAM,CEFUROXIME,1497,32,36,4,0.009479781,0.01184438
P. mirabilis,2017/18,AZTREONAM,CIPROFLOXACIN,1525,518,32,10,-0.001213978,1
P. mirabilis,2017/18,AZTREONAM,GENTAMICIN,1919,126,37,5,0.00488665,0.183069395
P. mirabilis,2017/18,AZTREONAM,LEVOFLOXACIN,525,163,16,4,-0.003997419,1
P. mirabilis,2017/18,AZTREONAM,PIPERACILLIN_TAZOBACTAM,1764,4,40,0,0.002472548,0.131429741
P. mirabilis,2017/18,AZTREONAM,SULFA_TRIMETHOPRIM,1637,408,36,6,-0.004335624,0.438285623
P. mirabilis,2017/18,AZTREONAM,TOBRAMYCIN,1903,115,38,4,0.003242462,0.301697713
P. mirabilis,2017/18,CEFAZOLIN,CEFTAZIDIME,2219,2,158,26,0.048327753,5.62383E-28
P. mirabilis,2017/18,CEFAZOLIN,CEFTRIAXONE,2695,2,154,44,0.0689481,4.02694E-51
P. mirabilis,2017/18,CEFAZOLIN,CEFUROXIME,1318,11,121,25,0.069117387,2.56409E-18
P. mirabilis,2017/18,CEFAZOLIN,CIPROFLOXACIN,2532,902,112,118,0.060907634,7.51314E-15
P. mirabilis,2017/18,CEFAZOLIN,GENTAMICIN,3315,121,151,79,0.087429201,3.30165E-47
P. mirabilis,2017/18,CEFAZOLIN,LEVOFLOXACIN,1410,468,81,74,0.066510174,4.54507E-09
P. mirabilis,2017/18,CEFAZOLIN,PIPERACILLIN_TAZOBACTAM,3114,2,215,5,0.006988619,2.24719E-05
P. mirabilis,2017/18,CEFAZOLIN,SULFA_TRIMETHOPRIM,2789,644,108,122,0.085919459,6.94977E-29
P. mirabilis,2017/18,CEFAZOLIN,TOBRAMYCIN,2256,83,115,52,0.082135807,2.50061E-29
P. mirabilis,2017/18,CEFTAZIDIME,CEFTRIAXONE,3512,24,9,39,0.062950481,1.48916E-66
P. mirabilis,2017/18,CEFTAZIDIME,CEFUROXIME,1222,32,2,6,0.026205219,1.33395E-08
P. mirabilis,2017/18,CEFTAZIDIME,CIPROFLOXACIN,2777,769,25,23,0.014669861,6.52391E-05
P. mirabilis,2017/18,CEFTAZIDIME,GENTAMICIN,3373,177,40,8,0.00710765,0.002691026
P. mirabilis,2017/18,CEFTAZIDIME,LEVOFLOXACIN,2247,542,24,22,0.01946097,1.60468E-05
P. mirabilis,2017/18,CEFTAZIDIME,PIPERACILLIN_TAZOBACTAM,3498,2,39,8,0.014389576,2.25053E-14
P. mirabilis,2017/18,CEFTAZIDIME,SULFA_TRIMETHOPRIM,2917,629,35,13,0.005124399,0.125672881
P. mirabilis,2017/18,CEFTAZIDIME,TOBRAMYCIN,2697,125,23,4,0.004524246,0.031353708
P. mirabilis,2017/18,CEFTRIAXONE,CEFUROXIME,1225,23,5,12,0.051998701,1.42486E-16
P. mirabilis,2017/18,CEFTRIAXONE,CIPROFLOXACIN,3204,916,41,31,0.014782466,9.28856E-05
P. mirabilis,2017/18,CEFTRIAXONE,GENTAMICIN,3930,194,56,16,0.01417597,2.98388E-07
P. mirabilis,2017/18,CEFTRIAXONE,LEVOFLOXACIN,2234,539,31,23,0.018495144,0.000106758
P. mirabilis,2017/18,CEFTRIAXONE,PIPERACILLIN_TAZOBACTAM,4064,3,62,8,0.011871783,7.07851E-13
P. mirabilis,2017/18,CEFTRIAXONE,SULFA_TRIMETHOPRIM,3377,744,48,24,0.010895737,0.001878392
P. mirabilis,2017/18,CEFTRIAXONE,TOBRAMYCIN,2999,132,36,9,0.010635446,0.000117232
P. mirabilis,2017/18,CEFUROXIME,CIPROFLOXACIN,1221,420,20,20,0.023634097,0.001476988
P. mirabilis,2017/18,CEFUROXIME,GENTAMICIN,1536,106,31,9,0.017117453,0.001076107
P. mirabilis,2017/18,CEFUROXIME,LEVOFLOXACIN,522,172,12,6,0.008616777,0.412744915
P. mirabilis,2017/18,CEFUROXIME,PIPERACILLIN_TAZOBACTAM,1343,3,38,0,0.003181369,0.136208194
P. mirabilis,2017/18,CEFUROXIME,SULFA_TRIMETHOPRIM,1299,343,24,16,0.018676844,0.00595829
P. mirabilis,2017/18,CEFUROXIME,TOBRAMYCIN,1489,91,32,8,0.01578163,0.002202819
P. mirabilis,2017/18,CIPROFLOXACIN,GENTAMICIN,3680,113,1047,150,0.073311946,3.37462E-32
P. mirabilis,2017/18,CIPROFLOXACIN,LEVOFLOXACIN,2461,4,78,659,0.533257835,0
P. mirabilis,2017/18,CIPROFLOXACIN,PIPERACILLIN_TAZOBACTAM,3514,8,1102,4,0.001005636,0.496834009
P. mirabilis,2017/18,CIPROFLOXACIN,SULFA_TRIMETHOPRIM,3589,203,462,733,0.403908165,0
P. mirabilis,2017/18,CIPROFLOXACIN,TOBRAMYCIN,2973,77,632,106,0.08008506,2.93187E-32
P. mirabilis,2017/18,GENTAMICIN,LEVOFLOXACIN,2456,575,84,89,0.070744053,2.49763E-20
P. mirabilis,2017/18,GENTAMICIN,PIPERACILLIN_TAZOBACTAM,4374,11,247,1,0.000325846,0.483658455
P. mirabilis,2017/18,GENTAMICIN,SULFA_TRIMETHOPRIM,3977,750,75,189,0.120407837,1.68093E-83
P. mirabilis,2017/18,GENTAMICIN,TOBRAMYCIN,3569,16,37,169,0.195059029,1.1069E-235
P. mirabilis,2017/18,LEVOFLOXACIN,PIPERACILLIN_TAZOBACTAM,2423,7,626,2,0.000199922,1
P. mirabilis,2017/18,LEVOFLOXACIN,SULFA_TRIMETHOPRIM,2382,158,263,400,0.360721549,6.4651E-195
P. mirabilis,2017/18,LEVOFLOXACIN,TOBRAMYCIN,2005,57,304,53,0.067339859,1.07593E-17
P. mirabilis,2017/18,PIPERACILLIN_TAZOBACTAM,SULFA_TRIMETHOPRIM,3741,878,8,4,0.001559087,0.25941253
P. mirabilis,2017/18,PIPERACILLIN_TAZOBACTAM,TOBRAMYCIN,3269,173,8,1,0.000698389,0.372603087
P. mirabilis,2017/18,SULFA_TRIMETHOPRIM,TOBRAMYCIN,3110,55,496,130,0.115213622,1.77037E-63
S. aureus,2015/16,CIPROFLOXACIN,CLINDAMYCIN,5961,1206,2199,1165,0.156580998,1.97503E-88
S. aureus,2015/16,CIPROFLOXACIN,ERYTHROMYCIN,4123,3159,492,2905,0.345691347,0
S. aureus,2015/16,CIPROFLOXACIN,GENTAMICIN,5585,37,2689,113,0.030276421,2.51586E-26
S. aureus,2015/16,CIPROFLOXACIN,LEVOFLOXACIN,5690,8,122,2542,0.638180052,0
S. aureus,2015/16,CIPROFLOXACIN,OXACILLIN,6138,1508,993,2680,0.450238699,0
S. aureus,2015/16,CIPROFLOXACIN,SULFA_TRIMETHOPRIM,7573,59,3544,122,0.02287355,3.61871E-22
S. aureus,2015/16,CIPROFLOXACIN,TETRACYCLINE,7083,292,3339,117,-0.004951915,0.159633812
S. aureus,2015/16,CLINDAMYCIN,ERYTHROMYCIN,7419,5834,72,4230,0.345782651,0
S. aureus,2015/16,CLINDAMYCIN,GENTAMICIN,9290,89,2993,156,0.031706314,9.01254E-38
S. aureus,2015/16,CLINDAMYCIN,LEVOFLOXACIN,4696,1579,995,890,0.158743881,5.16847E-71
S. aureus,2015/16,CLINDAMYCIN,OXACILLIN,8362,4911,2266,2047,0.077711056,8.35233E-34
S. aureus,2015/16,CLINDAMYCIN,SULFA_TRIMETHOPRIM,13092,164,4208,101,0.008478035,8.04783E-07
S. aureus,2015/16,CLINDAMYCIN,TETRACYCLINE,12487,396,3946,310,0.032701902,1.59302E-29
S. aureus,2015/16,ERYTHROMYCIN,GENTAMICIN,5220,39,7218,211,0.019279934,8.52788E-19
S. aureus,2015/16,ERYTHROMYCIN,LEVOFLOXACIN,3247,304,2556,2230,0.347953556,0
S. aureus,2015/16,ERYTHROMYCIN,OXACILLIN,6610,879,4175,6197,0.437700415,0
S. aureus,2015/16,ERYTHROMYCIN,SULFA_TRIMETHOPRIM,7390,87,10177,177,0.005261763,0.003078366
S. aureus,2015/16,ERYTHROMYCIN,TETRACYCLINE,7081,261,9579,446,0.008681823,0.003133835
S. aureus,2015/16,GENTAMICIN,LEVOFLOXACIN,5741,2372,35,106,0.031551932,8.65876E-29
S. aureus,2015/16,GENTAMICIN,OXACILLIN,8443,5183,70,210,0.029026957,1.87032E-35
S. aureus,2015/16,GENTAMICIN,SULFA_TRIMETHOPRIM,13124,162,232,46,0.016716108,1.02343E-34
S. aureus,2015/16,GENTAMICIN,TETRACYCLINE,12716,533,239,39,0.009345447,3.66039E-11
S. aureus,2015/16,LEVOFLOXACIN,OXACILLIN,5128,1361,693,2301,0.462486656,0
S. aureus,2015/16,LEVOFLOXACIN,SULFA_TRIMETHOPRIM,6159,51,2844,110,0.025895814,3.82224E-21
S. aureus,2015/16,LEVOFLOXACIN,TETRACYCLINE,5932,251,2852,93,-0.007790034,0.034373586
S. aureus,2015/16,OXACILLIN,SULFA_TRIMETHOPRIM,11538,110,7684,183,0.013364122,1.58376E-14
S. aureus,2015/16,OXACILLIN,TETRACYCLINE,11006,492,7196,308,-0.00166637,0.57946017
S. aureus,2015/16,SULFA_TRIMETHOPRIM,TETRACYCLINE,17976,729,211,71,0.015542257,1.96456E-35
S. aureus,2017/18,CIPROFLOXACIN,CLINDAMYCIN,5267,1447,1896,1248,0.158907,1.99249E-76
S. aureus,2017/18,CIPROFLOXACIN,ERYTHROMYCIN,3804,2937,497,2653,0.335432754,0
S. aureus,2017/18,CIPROFLOXACIN,GENTAMICIN,6431,45,3062,92,0.019976796,1.33772E-16
S. aureus,2017/18,CIPROFLOXACIN,LEVOFLOXACIN,6930,14,136,3134,0.641061699,0
S. aureus,2017/18,CIPROFLOXACIN,OXACILLIN,5793,1381,872,2598,0.468843701,0
S. aureus,2017/18,CIPROFLOXACIN,SULFA_TRIMETHOPRIM,7103,75,3311,159,0.031700789,6.78017E-29
S. aureus,2017/18,CIPROFLOXACIN,TETRACYCLINE,6828,351,3313,157,-0.003194568,0.437732817
S. aureus,2017/18,CLINDAMYCIN,ERYTHROMYCIN,7451,5239,70,4521,0.383133912,0
S. aureus,2017/18,CLINDAMYCIN,GENTAMICIN,10220,73,3735,143,0.024654697,4.89769E-33
S. aureus,2017/18,CLINDAMYCIN,LEVOFLOXACIN,5422,1762,1527,1204,0.157673461,2.16136E-77
S. aureus,2017/18,CLINDAMYCIN,OXACILLIN,8526,4587,2592,2155,0.081620185,2.10205E-36
S. aureus,2017/18,CLINDAMYCIN,SULFA_TRIMETHOPRIM,12847,264,4632,116,0.003389111,0.088537433
S. aureus,2017/18,CLINDAMYCIN,TETRACYCLINE,12623,480,4395,353,0.030375393,7.07318E-24
S. aureus,2017/18,ERYTHROMYCIN,GENTAMICIN,5847,36,7686,173,0.014826886,3.46988E-15
S. aureus,2017/18,ERYTHROMYCIN,LEVOFLOXACIN,3925,441,3027,2525,0.330155133,0
S. aureus,2017/18,ERYTHROMYCIN,OXACILLIN,6600,924,4157,5606,0.418195858,0
S. aureus,2017/18,ERYTHROMYCIN,SULFA_TRIMETHOPRIM,7406,118,9514,251,0.009730177,5.88457E-06
S. aureus,2017/18,ERYTHROMYCIN,TETRACYCLINE,7195,325,9271,490,0.006845377,0.032726895
S. aureus,2017/18,GENTAMICIN,LEVOFLOXACIN,6333,2763,42,86,0.02068924,2.34019E-17
S. aureus,2017/18,GENTAMICIN,OXACILLIN,9452,5665,69,178,0.021910811,1.06834E-27
S. aureus,2017/18,GENTAMICIN,SULFA_TRIMETHOPRIM,14707,293,197,49,0.015111003,1.44353E-32
S. aureus,2017/18,GENTAMICIN,TETRACYCLINE,14281,712,200,46,0.010427531,4.67108E-15
S. aureus,2017/18,LEVOFLOXACIN,OXACILLIN,6069,1434,777,2536,0.467787419,0
S. aureus,2017/18,LEVOFLOXACIN,SULFA_TRIMETHOPRIM,7346,75,3146,156,0.032488471,6.0378E-31
S. aureus,2017/18,LEVOFLOXACIN,TETRACYCLINE,7057,362,3155,144,-0.004360845,0.256719151
S. aureus,2017/18,OXACILLIN,SULFA_TRIMETHOPRIM,11912,143,7009,293,0.026733232,2.54428E-36
S. aureus,2017/18,OXACILLIN,TETRACYCLINE,11437,605,6966,332,-0.004449471,0.137565705
S. aureus,2017/18,SULFA_TRIMETHOPRIM,TETRACYCLINE,18055,859,350,78,0.013916702,1.36926E-24
E. faecalis,2015/16,CIPROFLOXACIN,LEVOFLOXACIN,2648,2,139,1135,0.624646281,0
E. faecalis,2015/16,CIPROFLOXACIN,RIFAMPIN,725,595,447,255,-0.079039496,0.000152511
E. faecalis,2015/16,CIPROFLOXACIN,TETRACYCLINE,630,2035,239,1294,0.073625882,3.69237E-10
E. faecalis,2015/16,CIPROFLOXACIN,VANCOMYCIN,3262,19,1583,88,0.041758504,2.15009E-25
E. faecalis,2015/16,LEVOFLOXACIN,RIFAMPIN,672,618,361,143,-0.155407973,3.25465E-14
E. faecalis,2015/16,LEVOFLOXACIN,TETRACYCLINE,555,1684,104,916,0.120258329,7.57944E-24
E. faecalis,2015/16,LEVOFLOXACIN,VANCOMYCIN,2766,21,1078,63,0.040341243,1.65255E-18
E. faecalis,2015/16,RIFAMPIN,TETRACYCLINE,200,972,215,633,-0.080951034,6.06034E-06
E. faecalis,2015/16,RIFAMPIN,VANCOMYCIN,1424,48,1027,35,0.000338949,1
E. faecalis,2015/16,TETRACYCLINE,VANCOMYCIN,992,14,3775,96,0.006823434,0.041993722
E. faecalis,2017/18,CIPROFLOXACIN,LEVOFLOXACIN,3336,4,230,1189,0.581437349,0
E. faecalis,2017/18,CIPROFLOXACIN,RIFAMPIN,554,638,298,273,-0.050024673,0.02516038
E. faecalis,2017/18,CIPROFLOXACIN,TETRACYCLINE,637,2012,195,1083,0.075781301,1.23885E-10
E. faecalis,2017/18,CIPROFLOXACIN,VANCOMYCIN,3494,32,1465,67,0.030096184,1.10535E-14
E. faecalis,2017/18,LEVOFLOXACIN,RIFAMPIN,549,715,260,141,-0.155238245,6.63397E-14
E. faecalis,2017/18,LEVOFLOXACIN,TETRACYCLINE,703,2047,86,923,0.125935892,5.60917E-34
E. faecalis,2017/18,LEVOFLOXACIN,VANCOMYCIN,3632,32,1167,57,0.029894555,5.0918E-15
E. faecalis,2017/18,RIFAMPIN,TETRACYCLINE,156,696,222,689,-0.060360149,0.002076596
E. faecalis,2017/18,RIFAMPIN,VANCOMYCIN,1064,31,1134,22,-0.009254471,0.165026283
E. faecalis,2017/18,TETRACYCLINE,VANCOMYCIN,904,10,3307,81,0.008185144,0.013542002
