,organismCode,antibioticCode,sari,antibioticClass,specieName,freq
0,ECOL,ACIP,0.16167828523,fluoroquinolones,escherichia,76745.0
1,ECOL,ATRI,0.376197186774,,escherichia,76638.0
2,ECOL,ANIT,0.0269402459081,,escherichia,76614.0
3,ECOL,AAUG,0.109006409838,,escherichia,76601.0
4,ECOL,ACELX,0.110397409786,cephalosporins,escherichia,76596.0
5,ECOL,AGEN,0.0924226254002,aminoglycosides,escherichia,60905.0
7,ECOL,AAMO,0.134831460674,aminopenicillins,escherichia,107.0
8,ECOL,AVAN,0.0,glycopeptide,escherichia,1.0
9,ECOL,A_CEFPODOX,0.0660415581409,cephalosporins,escherichia,17277.0
10,ECOL,ATAZ,0.242032821599,,escherichia,9456.0
11,ECOL,AMER,0.00201719927805,meropenems,escherichia,9447.0
12,ECOL,ACAZ,0.571748162352,cephalosporins,escherichia,9388.0
13,ECOL,ACTX,0.606864939772,cephalosporins,escherichia,9381.0
14,ECOL,ACXT,0.262905290102,cephalosporins,escherichia,9376.0
15,ECOL,AAMI,0.0109995728321,aminoglycosides,escherichia,9364.0
16,ECOL,AMEC,0.0539667896679,penicillins,escherichia,8673.0
17,ECOL,ATEM,0.0721903199344,penicillins,escherichia,8549.0
18,ECOL,AERT,0.0200661000944,meropenems,escherichia,8472.0
19,ECOL,ACOL,0.0492866407263,polypeptides,escherichia,7711.0
20,ECOL,AESBL,0.335021809484,,escherichia,7114.0
21,ECOL,AAMPC,0.692273534636,,escherichia,4511.0
22,ECOL,AMET,0.5,penicillins,escherichia,2.0
23,ECOL,AIMP,0.00166389351082,meropenems,escherichia,1202.0
24,ECOL,ACXM,0.732657833203,cephalosporins,escherichia,1305.0
25,ECOL,APEN,0.5,penicillins,escherichia,2.0
26,ECOL,AERY,0.0,macrolides,escherichia,1.0
27,ECOL,ACLI,0.0,macrolides,escherichia,1.0
28,ECOL,ATET,0.0,tetracyclines,escherichia,3.0
29,ECOL,AFUS,0.0,,escherichia,1.0
30,ECOL,ATOB,0.54231227652,aminoglycosides,escherichia,839.0
31,ECOL,AAZT,0.428571428571,monobactams,escherichia,7.0
32,ECOL,ANOV,1.0,aminocoumarin,escherichia,1.0
33,ECOL,A_TIMENTIN,0.923076923077,,escherichia,143.0
34,ECOL,A_SULPHAME,0.858156028369,sulfonamides,escherichia,141.0
35,ECOL,ACOT,0.5,sulfonamides,escherichia,2.0
36,ECOL,ATIG,0.125,tetracyclines,escherichia,8.0
37,ECOL,AFOS,0.135135135135,,escherichia,43.0
38,ECOL,ACPO,1.0,,escherichia,10.0
39,COLIF,ACIP,0.0449452672247,fluoroquinolones,coliform,15530.0
40,COLIF,ATRI,0.179018721756,,coliform,15490.0
41,COLIF,ANIT,0.222035432562,,coliform,15467.0
42,COLIF,AAUG,0.116029943211,,coliform,15496.0
43,COLIF,ACELX,0.0881515974648,cephalosporins,coliform,15462.0
44,COLIF,AGEN,0.0249066002491,aminoglycosides,coliform,12045.0
46,COLIF,AAMO,0.423076923077,aminopenicillins,coliform,54.0
47,COLIF,AVAN,0.0,glycopeptide,coliform,1.0
48,COLIF,A_CEFPODOX,0.0449735449735,cephalosporins,coliform,3780.0
49,COLIF,ATAZ,0.20901126408,,coliform,801.0
50,COLIF,AMER,0.0115384615385,meropenems,coliform,787.0
51,COLIF,ACAZ,0.338046272494,cephalosporins,coliform,778.0
52,COLIF,ACTX,0.33462033462,cephalosporins,coliform,777.0
53,COLIF,ACXT,0.498711340206,cephalosporins,coliform,776.0
54,COLIF,AAMI,0.0185676392573,aminoglycosides,coliform,754.0
55,COLIF,AMEC,0.159763313609,penicillins,coliform,507.0
56,COLIF,ATEM,0.0758928571429,penicillins,coliform,674.0
57,COLIF,AERT,0.0717628705148,meropenems,coliform,641.0
58,COLIF,ATEI,0.0,glycopeptide,coliform,1.0
59,COLIF,ACOL,0.226331360947,polypeptides,coliform,676.0
60,COLIF,AESBL,0.688405797101,,coliform,414.0
61,COLIF,ALIN,0.0,oxazolidinones,coliform,1.0
62,COLIF,AAMPC,0.360606060606,,coliform,330.0
63,COLIF,ASYN,0.0,,coliform,1.0
64,COLIF,AIMP,0.0121457489879,meropenems,coliform,247.0
65,COLIF,ACXM,0.5,cephalosporins,coliform,290.0
66,COLIF,ATOB,0.276595744681,aminoglycosides,coliform,47.0
67,COLIF,AAZT,0.333333333333,monobactams,coliform,3.0
68,COLIF,A_TIMENTIN,0.434210526316,,coliform,76.0
69,COLIF,A_SULPHAME,0.594594594595,sulfonamides,coliform,74.0
70,COLIF,ACOT,0.2,sulfonamides,coliform,10.0
71,COLIF,ATIG,0.5,tetracyclines,coliform,2.0
72,COLIF,AFOS,0.111111111111,,coliform,9.0
73,COLIF,ACONE,1.0,cephalosporins,coliform,1.0
74,PAER,ACIP,0.155126849894,fluoroquinolones,pseudomonas,3785.0
75,PAER,ATRI,0.88,,pseudomonas,30.0
76,PAER,ANIT,0.84,,pseudomonas,30.0
77,PAER,AAUG,0.84,,pseudomonas,30.0
78,PAER,ACELX,0.916666666667,cephalosporins,pseudomonas,29.0
79,PAER,AGEN,0.0570824524313,aminoglycosides,pseudomonas,3785.0
81,PAER,A_CEFPODOX,1.0,cephalosporins,pseudomonas,2.0
82,PAER,ATAZ,0.0529960053262,,pseudomonas,3756.0
83,PAER,AMER,0.0718849840256,meropenems,pseudomonas,3757.0
84,PAER,ACAZ,0.0409944459138,cephalosporins,pseudomonas,3782.0
85,PAER,ACTX,0.6,cephalosporins,pseudomonas,5.0
86,PAER,ACXT,0.8,cephalosporins,pseudomonas,5.0
87,PAER,AAMI,0.0275766976905,aminoglycosides,pseudomonas,2902.0
88,PAER,AMEC,0.6,penicillins,pseudomonas,5.0
89,PAER,ATEM,0.75,penicillins,pseudomonas,4.0
90,PAER,AERT,0.75,meropenems,pseudomonas,4.0
91,PAER,ACOL,0.0152091254753,polypeptides,pseudomonas,526.0
92,PAER,AESBL,1.0,,pseudomonas,2.0
93,PAER,AAMPC,0.0,,pseudomonas,1.0
94,PAER,AIMP,0.12560721721,meropenems,pseudomonas,1442.0
95,PAER,ACXM,1.0,cephalosporins,pseudomonas,2.0
96,PAER,ATOB,0.18281535649,aminoglycosides,pseudomonas,547.0
97,PAER,AAZT,0.624045801527,monobactams,pseudomonas,524.0
98,PAER,A_TIMENTIN,0.36,,pseudomonas,150.0
99,PAER,ACOT,1.0,sulfonamides,pseudomonas,1.0
100,ENTC,ACIP,0.296675191816,fluoroquinolones,enterococcus,3130.0
101,ENTC,ATRI,0.245424874694,,enterococcus,17158.0
102,ENTC,ANIT,0.0265465637213,,enterococcus,20982.0
103,ENTC,AAUG,0.0188269370022,,enterococcus,4147.0
104,ENTC,ACELX,0.997787610619,cephalosporins,enterococcus,1812.0
105,ENTC,AGEN,0.261771747805,aminoglycosides,enterococcus,5015.0
107,ENTC,AAMO,0.0425834597876,aminopenicillins,enterococcus,21088.0
108,ENTC,AVAN,0.024866163006,glycopeptide,enterococcus,19987.0
109,ENTC,A_CEFPODOX,0.927419354839,cephalosporins,enterococcus,496.0
110,ENTC,ATAZ,0.0,,enterococcus,4.0
111,ENTC,AMER,0.25,meropenems,enterococcus,4.0
112,ENTC,ACAZ,0.5,cephalosporins,enterococcus,4.0
113,ENTC,ACTX,0.5,cephalosporins,enterococcus,4.0
114,ENTC,ACXT,0.25,cephalosporins,enterococcus,4.0
115,ENTC,AAMI,0.25,aminoglycosides,enterococcus,5.0
116,ENTC,AMEC,0.25,penicillins,enterococcus,4.0
117,ENTC,ATEM,0.25,penicillins,enterococcus,4.0
118,ENTC,AERT,0.25,meropenems,enterococcus,4.0
119,ENTC,ATEI,0.0473036896878,glycopeptide,enterococcus,8458.0
120,ENTC,ACOL,0.777777777778,polypeptides,enterococcus,9.0
121,ENTC,AESBL,0.5,,enterococcus,2.0
122,ENTC,ALIN,0.000598682897625,oxazolidinones,enterococcus,5016.0
123,ENTC,AAMPC,1.0,,enterococcus,2.0
124,ENTC,ASYN,0.86327014218,,enterococcus,4220.0
125,ENTC,ATET,0.689655172414,tetracyclines,enterococcus,411.0
126,ENTC,ARIF,0.875,,enterococcus,16.0
127,ENTC,A_SULPHAME,1.0,sulfonamides,enterococcus,15.0
128,ENTC,ACOT,0.0,sulfonamides,enterococcus,1.0
129,ENTC,ATIG,0.0,tetracyclines,enterococcus,85.0
130,ENTC,ADAP,,,enterococcus,28.0
131,ENTC,ACHL,0.277777777778,,enterococcus,18.0
132,PROTE,ACIP,0.0955912649361,fluoroquinolones,proteus,2427.0
133,PROTE,ATRI,0.438118811881,,proteus,2424.0
134,PROTE,ANIT,0.997898276587,,proteus,2380.0
135,PROTE,AAUG,0.101939744119,,proteus,2423.0
136,PROTE,ACELX,0.151177199504,cephalosporins,proteus,2421.0
137,PROTE,AGEN,0.095390524968,aminoglycosides,proteus,1562.0
139,PROTE,AAMO,1.0,aminopenicillins,proteus,3.0
140,PROTE,A_CEFPODOX,0.0298353909465,cephalosporins,proteus,972.0
141,PROTE,ATAZ,0.0116959064327,,proteus,342.0
142,PROTE,AMER,0.00869565217391,meropenems,proteus,346.0
143,PROTE,ACAZ,0.179710144928,cephalosporins,proteus,345.0
144,PROTE,ACTX,0.176811594203,cephalosporins,proteus,345.0
145,PROTE,ACXT,0.165217391304,cephalosporins,proteus,345.0
146,PROTE,AAMI,0.046511627907,aminoglycosides,proteus,344.0
147,PROTE,AMEC,0.480891719745,penicillins,proteus,314.0
148,PROTE,ATEM,0.0218181818182,penicillins,proteus,275.0
149,PROTE,AERT,0.014440433213,meropenems,proteus,277.0
150,PROTE,ACOL,0.947852760736,polypeptides,proteus,326.0
151,PROTE,AESBL,0.864864864865,,proteus,149.0
152,PROTE,AAMPC,0.75,,proteus,120.0
153,PROTE,AIMP,0.0243902439024,meropenems,proteus,82.0
154,PROTE,ACXM,0.530120481928,cephalosporins,proteus,83.0
155,PROTE,ATOB,0.169491525424,aminoglycosides,proteus,59.0
156,PROTE,AAZT,0.0,monobactams,proteus,1.0
157,PROTE,A_TIMENTIN,0.0,,proteus,9.0
158,PROTE,A_SULPHAME,0.714285714286,sulfonamides,proteus,7.0
159,PROTE,ACOT,0.5,sulfonamides,proteus,2.0
160,PMIR,ACIP,0.13051069402,fluoroquinolones,proteus,2291.0
161,PMIR,ATRI,0.438811188811,,proteus,2288.0
162,PMIR,ANIT,0.997305792546,,proteus,2227.0
163,PMIR,AAUG,0.0402273721032,,proteus,2287.0
164,PMIR,ACELX,0.0616258741259,cephalosporins,proteus,2288.0
165,PMIR,AGEN,0.110284463895,aminoglycosides,proteus,2285.0
167,PMIR,AAMO,0.0,aminopenicillins,proteus,1.0
168,PMIR,ATAZ,0.0212765957447,,proteus,329.0
169,PMIR,AMER,0.00302114803625,meropenems,proteus,332.0
170,PMIR,ACAZ,0.127659574468,cephalosporins,proteus,329.0
171,PMIR,ACTX,0.183486238532,cephalosporins,proteus,327.0
172,PMIR,ACXT,0.107033639144,cephalosporins,proteus,327.0
173,PMIR,AAMI,0.063829787234,aminoglycosides,proteus,329.0
174,PMIR,AMEC,0.406349206349,penicillins,proteus,315.0
175,PMIR,ATEM,0.00634920634921,penicillins,proteus,315.0
176,PMIR,AERT,0.00634920634921,meropenems,proteus,315.0
177,PMIR,ACOL,0.927536231884,polypeptides,proteus,276.0
178,PMIR,AESBL,0.751592356688,,proteus,157.0
179,PMIR,AAMPC,0.833333333333,,proteus,126.0
180,PMIR,ACXM,0.0,cephalosporins,proteus,2.0
181,PMIR,ATOB,0.285714285714,aminoglycosides,proteus,7.0
182,PMIR,AFOS,0.5,,proteus,2.0
183,PMIR,ACHL,0.0,,proteus,1.0
184,CNS,ACIP,0.259728082513,fluoroquinolones,staphylococcus,2133.0
185,CNS,ATRI,0.310942578548,,staphylococcus,1848.0
186,CNS,ANIT,0.01789019124,,staphylococcus,1624.0
187,CNS,AAUG,0.0677290836653,,staphylococcus,1508.0
188,CNS,ACELX,0.100278551532,cephalosporins,staphylococcus,359.0
189,CNS,AGEN,0.148418491484,aminoglycosides,staphylococcus,1644.0
191,CNS,AAMO,0.333333333333,aminopenicillins,staphylococcus,28.0
192,CNS,AVAN,0.0,glycopeptide,staphylococcus,278.0
193,CNS,A_CEFPODOX,0.270833333333,cephalosporins,staphylococcus,48.0
194,CNS,AMER,0.0,meropenems,staphylococcus,1.0
195,CNS,ACAZ,0.0,cephalosporins,staphylococcus,1.0
196,CNS,ACTX,0.0,cephalosporins,staphylococcus,1.0
197,CNS,ACXT,0.363636363636,cephalosporins,staphylococcus,11.0
198,CNS,AAMI,0.0,aminoglycosides,staphylococcus,1.0
199,CNS,AMEC,0.0,penicillins,staphylococcus,1.0
200,CNS,ATEM,1.0,penicillins,staphylococcus,1.0
201,CNS,AERT,0.0,meropenems,staphylococcus,1.0
202,CNS,ATEI,0.0,glycopeptide,staphylococcus,67.0
203,CNS,ACOL,0.0,polypeptides,staphylococcus,1.0
204,CNS,ALIN,0.0,oxazolidinones,staphylococcus,85.0
205,CNS,AMET,0.316666666667,penicillins,staphylococcus,1569.0
206,CNS,APEN,0.755118755119,penicillins,staphylococcus,1222.0
207,CNS,AERY,0.554984583762,macrolides,staphylococcus,973.0
208,CNS,ACLI,0.32131822863,macrolides,staphylococcus,971.0
209,CNS,ATET,0.247899159664,tetracyclines,staphylococcus,952.0
210,CNS,AFUS,0.477083333333,,staphylococcus,960.0
211,CNS,ARIF,0.0614035087719,,staphylococcus,342.0
212,CNS,AMUP,0.0989399293286,,staphylococcus,283.0
213,CNS,AMLS,0.634686346863,,staphylococcus,272.0
214,CNS,ANOV,0.0828025477707,aminocoumarin,staphylococcus,314.0
215,BHSB,ACIP,0.244318181818,fluoroquinolones,streptococcus,1588.0
216,BHSB,ATRI,0.0834516037468,,streptococcus,3525.0
217,BHSB,ANIT,0.0140807651435,,streptococcus,3764.0
218,BHSB,AAUG,0.00072939460248,,streptococcus,1371.0
219,BHSB,ACELX,0.012,cephalosporins,streptococcus,2758.0
220,BHSB,AGEN,0.371985157699,aminoglycosides,streptococcus,1079.0
222,BHSB,AAMO,0.00140548137737,aminopenicillins,streptococcus,2849.0
223,BHSB,AVAN,0.0,glycopeptide,streptococcus,876.0
224,BHSB,A_CEFPODOX,0.213675213675,cephalosporins,streptococcus,117.0
225,BHSB,ATEI,0.0,glycopeptide,streptococcus,542.0
226,BHSB,ALIN,0.0,oxazolidinones,streptococcus,8.0
227,BHSB,ASYN,0.142857142857,,streptococcus,7.0
228,BHSB,AMET,0.0,penicillins,streptococcus,1.0
229,BHSB,APEN,0.0,penicillins,streptococcus,1222.0
230,BHSB,AERY,0.221487603306,macrolides,streptococcus,1210.0
231,BHSB,ACLI,0.165551839465,macrolides,streptococcus,1197.0
232,BHSB,ATET,0.862794612795,tetracyclines,streptococcus,1189.0
233,BHSB,AMLS,0.8675,,streptococcus,400.0
234,KPNE,ACIP,0.654205607477,fluoroquinolones,klebsiella,1284.0
235,KPNE,ATRI,0.794392523364,,klebsiella,1284.0
236,KPNE,ANIT,0.594996090696,,klebsiella,1279.0
237,KPNE,AAUG,0.48671875,,klebsiella,1280.0
238,KPNE,ACELX,0.739875389408,cephalosporins,klebsiella,1284.0
239,KPNE,AGEN,0.443146417445,aminoglycosides,klebsiella,1284.0
241,KPNE,AAMO,1.0,aminopenicillins,klebsiella,5.0
242,KPNE,AVAN,1.0,glycopeptide,klebsiella,2.0
243,KPNE,ATAZ,0.559962228517,,klebsiella,1059.0
244,KPNE,AMER,0.0471698113208,meropenems,klebsiella,1060.0
245,KPNE,ACAZ,0.805843543827,cephalosporins,klebsiella,1061.0
246,KPNE,ACTX,0.808671065033,cephalosporins,klebsiella,1061.0
247,KPNE,ACXT,0.337735849057,cephalosporins,klebsiella,1060.0
248,KPNE,AAMI,0.0595463137996,aminoglycosides,klebsiella,1059.0
249,KPNE,AMEC,0.238095238095,penicillins,klebsiella,1050.0
250,KPNE,ATEM,0.0847619047619,penicillins,klebsiella,1052.0
251,KPNE,AERT,0.136492890995,meropenems,klebsiella,1055.0
252,KPNE,ACOL,0.0156626506024,polypeptides,klebsiella,832.0
253,KPNE,AESBL,0.177215189873,,klebsiella,952.0
254,KPNE,AAMPC,0.604203152364,,klebsiella,572.0
255,KPNE,AIMP,0.0,meropenems,klebsiella,3.0
256,KPNE,ACXM,0.5,cephalosporins,klebsiella,2.0
257,KPNE,ATOB,0.761904761905,aminoglycosides,klebsiella,42.0
258,KPNE,AAZT,1.0,monobactams,klebsiella,1.0
259,KPNE,ATIG,0.363636363636,tetracyclines,klebsiella,11.0
260,KPNE,AFOS,0.6,,klebsiella,16.0
261,KPNE,ACPO,1.0,,klebsiella,1.0
262,KPNE,A_CEFEPIME,1.0,cephalosporins,klebsiella,1.0
263,PSEUD,ACIP,0.116679718089,fluoroquinolones,pseudomonas,1277.0
264,PSEUD,ATRI,0.94,,pseudomonas,52.0
265,PSEUD,ANIT,0.96,,pseudomonas,52.0
266,PSEUD,AAUG,0.86,,pseudomonas,52.0
267,PSEUD,ACELX,0.98,cephalosporins,pseudomonas,52.0
268,PSEUD,AGEN,0.044670846395,aminoglycosides,pseudomonas,1276.0
270,PSEUD,A_CEFPODOX,1.0,cephalosporins,pseudomonas,13.0
271,PSEUD,ATAZ,0.0371541501976,,pseudomonas,1266.0
272,PSEUD,AMER,0.0758893280632,meropenems,pseudomonas,1265.0
273,PSEUD,ACAZ,0.0464933018125,cephalosporins,pseudomonas,1269.0
274,PSEUD,ACTX,0.764705882353,cephalosporins,pseudomonas,17.0
275,PSEUD,ACXT,0.933333333333,cephalosporins,pseudomonas,15.0
276,PSEUD,AAMI,0.0197505197505,aminoglycosides,pseudomonas,962.0
277,PSEUD,AMEC,0.875,penicillins,pseudomonas,16.0
278,PSEUD,ATEM,0.909090909091,penicillins,pseudomonas,11.0
279,PSEUD,AERT,0.818181818182,meropenems,pseudomonas,11.0
280,PSEUD,ACOL,0.0208333333333,polypeptides,pseudomonas,144.0
281,PSEUD,AESBL,1.0,,pseudomonas,9.0
282,PSEUD,AAMPC,0.125,,pseudomonas,9.0
283,PSEUD,AIMP,0.107623318386,meropenems,pseudomonas,446.0
284,PSEUD,ACXM,1.0,cephalosporins,pseudomonas,5.0
285,PSEUD,ATOB,0.143884892086,aminoglycosides,pseudomonas,139.0
286,PSEUD,AAZT,0.690476190476,monobactams,pseudomonas,126.0
287,PSEUD,A_TIMENTIN,0.375,,pseudomonas,40.0
288,PSEUD,ATIG,1.0,tetracyclines,pseudomonas,1.0
289,PSEUD,AFOS,1.0,,pseudomonas,1.0
290,SAUR,ACIP,0.304932735426,fluoroquinolones,staphylococcus,1115.0
291,SAUR,ATRI,0.122130394858,,staphylococcus,1089.0
292,SAUR,ANIT,0.00705882352941,,staphylococcus,852.0
293,SAUR,AAUG,0.175675675676,,staphylococcus,816.0
294,SAUR,ACELX,0.27485380117,cephalosporins,staphylococcus,171.0
295,SAUR,AGEN,0.0858895705521,aminoglycosides,staphylococcus,978.0
297,SAUR,AAMO,0.6,aminopenicillins,staphylococcus,5.0
298,SAUR,AVAN,0.00201612903226,glycopeptide,staphylococcus,496.0
299,SAUR,A_CEFPODOX,0.382978723404,cephalosporins,staphylococcus,47.0
300,SAUR,ACXT,0.0,cephalosporins,staphylococcus,6.0
301,SAUR,ATEI,0.0,glycopeptide,staphylococcus,117.0
302,SAUR,ALIN,0.0,oxazolidinones,staphylococcus,101.0
303,SAUR,AMET,0.226759339705,penicillins,staphylococcus,1151.0
304,SAUR,APEN,0.861231569818,penicillins,staphylococcus,1153.0
305,SAUR,AERY,0.297892720307,macrolides,staphylococcus,1044.0
306,SAUR,ACLI,0.244252873563,macrolides,staphylococcus,1044.0
307,SAUR,ATET,0.0954274353877,tetracyclines,staphylococcus,1006.0
308,SAUR,AFUS,0.104807692308,,staphylococcus,1040.0
309,SAUR,ARIF,0.00503778337531,,staphylococcus,794.0
310,SAUR,AMUP,0.0435931307794,,staphylococcus,757.0
311,SAUR,AMLS,0.647058823529,,staphylococcus,442.0
312,SAUR,ANOV,0.046511627907,aminocoumarin,staphylococcus,172.0
313,SAUR,ATIG,0.0,tetracyclines,staphylococcus,1.0
314,SAUR,AOXA,0.0,penicillins,staphylococcus,1.0
315,SSAP,ACIP,0.0102707749767,fluoroquinolones,staphylococcus,1071.0
316,SSAP,ATRI,0.0613165013526,,staphylococcus,1109.0
317,SSAP,ANIT,0.0118613138686,,staphylococcus,1096.0
318,SSAP,AAUG,0.0309523809524,,staphylococcus,844.0
319,SSAP,ACELX,0.0884955752212,cephalosporins,staphylococcus,226.0
320,SSAP,AGEN,0.00269905533063,aminoglycosides,staphylococcus,741.0
322,SSAP,AAMO,0.0545454545455,aminopenicillins,staphylococcus,55.0
323,SSAP,AVAN,0.0152671755725,glycopeptide,staphylococcus,131.0
324,SSAP,A_CEFPODOX,0.481481481481,cephalosporins,staphylococcus,27.0
325,SSAP,ACXT,0.0,cephalosporins,staphylococcus,1.0
326,SSAP,ATEI,0.0588235294118,glycopeptide,staphylococcus,17.0
327,SSAP,ALIN,0.04,oxazolidinones,staphylococcus,25.0
328,SSAP,AMET,0.279829545455,penicillins,staphylococcus,710.0
329,SSAP,APEN,0.847790507365,penicillins,staphylococcus,612.0
330,SSAP,AERY,0.45145631068,macrolides,staphylococcus,413.0
331,SSAP,ACLI,0.178743961353,macrolides,staphylococcus,415.0
332,SSAP,ATET,0.0953545232274,tetracyclines,staphylococcus,411.0
333,SSAP,AFUS,0.746305418719,,staphylococcus,406.0
334,SSAP,ARIF,0.0283687943262,,staphylococcus,141.0
335,SSAP,AMUP,0.16,,staphylococcus,126.0
336,SSAP,AMLS,0.728971962617,,staphylococcus,107.0
337,SSAP,ANOV,0.982832618026,aminocoumarin,staphylococcus,233.0
338,MMOR,ACIP,0.256997455471,fluoroquinolones,morganella,786.0
339,MMOR,ATRI,0.607369758577,,morganella,787.0
340,MMOR,ANIT,0.896238651102,,morganella,771.0
341,MMOR,AAUG,0.973282442748,,morganella,786.0
342,MMOR,ACELX,0.974457215837,cephalosporins,morganella,783.0
343,MMOR,AGEN,0.177522349936,aminoglycosides,morganella,783.0
345,MMOR,AAMO,0.5,aminopenicillins,morganella,4.0
346,MMOR,AVAN,0.0,glycopeptide,morganella,1.0
347,MMOR,A_CEFPODOX,0.192307692308,cephalosporins,morganella,52.0
348,MMOR,ATAZ,0.00559440559441,,morganella,715.0
349,MMOR,AMER,0.00140252454418,meropenems,morganella,713.0
350,MMOR,ACAZ,0.150837988827,cephalosporins,morganella,716.0
351,MMOR,ACTX,0.117318435754,cephalosporins,morganella,716.0
352,MMOR,ACXT,0.665734265734,cephalosporins,morganella,715.0
353,MMOR,AAMI,0.00140056022409,aminoglycosides,morganella,714.0
354,MMOR,AMEC,0.525862068966,penicillins,morganella,697.0
355,MMOR,ATEM,0.00437317784257,penicillins,morganella,687.0
356,MMOR,AERT,0.00291545189504,meropenems,morganella,686.0
357,MMOR,ACOL,0.942006269592,polypeptides,morganella,638.0
358,MMOR,AESBL,0.942786069652,,morganella,402.0
359,MMOR,AAMPC,0.225382932166,,morganella,457.0
360,MMOR,AIMP,0.03125,meropenems,morganella,32.0
361,MMOR,ACXM,0.891891891892,cephalosporins,morganella,37.0
362,MMOR,ATOB,0.0,aminoglycosides,morganella,32.0
363,MMOR,AAZT,0.0,monobactams,morganella,1.0
364,MMOR,A_TIMENTIN,0.0,,morganella,2.0
365,MMOR,A_SULPHAME,0.0,sulfonamides,morganella,2.0
366,MMOR,ATIG,0.0,tetracyclines,morganella,1.0
367,MMOR,AFOS,1.0,,morganella,2.0
368,ENTB,ACIP,0.0960757780785,fluoroquinolones,enterobacter,739.0
369,ENTB,ATRI,0.229308005427,,enterobacter,737.0
370,ENTB,ANIT,0.653532608696,,enterobacter,736.0
371,ENTB,AAUG,0.966170500677,,enterobacter,739.0
372,ENTB,ACELX,0.937414965986,cephalosporins,enterobacter,735.0
373,ENTB,AGEN,0.0995907230559,aminoglycosides,enterobacter,733.0
375,ENTB,AAMO,0.666666666667,aminopenicillins,enterobacter,3.0
376,ENTB,A_CEFPODOX,0.534090909091,cephalosporins,enterobacter,176.0
377,ENTB,ATAZ,0.172027972028,,enterobacter,715.0
378,ENTB,AMER,0.00841514726508,meropenems,enterobacter,713.0
379,ENTB,ACAZ,0.359943977591,cephalosporins,enterobacter,714.0
380,ENTB,ACTX,0.352447552448,cephalosporins,enterobacter,715.0
381,ENTB,ACXT,0.978962131837,cephalosporins,enterobacter,713.0
382,ENTB,AAMI,0.0056258790436,aminoglycosides,enterobacter,711.0
383,ENTB,AMEC,0.0401188707281,penicillins,enterobacter,673.0
384,ENTB,ATEM,0.0597014925373,penicillins,enterobacter,603.0
385,ENTB,AERT,0.142857142857,meropenems,enterobacter,609.0
386,ENTB,ACOL,0.0929853181077,polypeptides,enterobacter,613.0
387,ENTB,AESBL,0.911363636364,,enterobacter,440.0
388,ENTB,AAMPC,0.0322580645161,,enterobacter,465.0
389,ENTB,AIMP,0.0234375,meropenems,enterobacter,128.0
390,ENTB,ACXM,0.746153846154,cephalosporins,enterobacter,130.0
391,ENTB,ATOB,0.175257731959,aminoglycosides,enterobacter,97.0
392,ENTB,AAZT,0.5,monobactams,enterobacter,2.0
393,ENTB,A_TIMENTIN,0.625,,enterobacter,8.0
394,ENTB,A_SULPHAME,0.5,sulfonamides,enterobacter,8.0
395,ENTB,ATIG,0.0,tetracyclines,enterobacter,3.0
396,ECLO,ACIP,0.114155251142,fluoroquinolones,enterobacter,657.0
397,ECLO,ATRI,0.284627092846,,enterobacter,657.0
398,ECLO,ANIT,0.671779141104,,enterobacter,652.0
399,ECLO,AAUG,0.960365853659,,enterobacter,656.0
400,ECLO,ACELX,0.942073170732,cephalosporins,enterobacter,656.0
401,ECLO,AGEN,0.118902439024,aminoglycosides,enterobacter,656.0
403,ECLO,AAMO,0.5,aminopenicillins,enterobacter,3.0
404,ECLO,ATAZ,0.1792,,enterobacter,625.0
405,ECLO,AMER,0.0111642743222,meropenems,enterobacter,627.0
406,ECLO,ACAZ,0.297770700637,cephalosporins,enterobacter,628.0
407,ECLO,ACTX,0.300955414013,cephalosporins,enterobacter,628.0
408,ECLO,ACXT,0.976114649682,cephalosporins,enterobacter,628.0
409,ECLO,AAMI,0.00637958532695,aminoglycosides,enterobacter,627.0
410,ECLO,AMEC,0.0242326332795,penicillins,enterobacter,619.0
411,ECLO,ATEM,0.0192926045016,penicillins,enterobacter,622.0
412,ECLO,AERT,0.140575079872,meropenems,enterobacter,626.0
413,ECLO,ACOL,0.00873362445415,polypeptides,enterobacter,458.0
414,ECLO,AESBL,0.81589958159,,enterobacter,478.0
415,ECLO,AAMPC,0.0210084033613,,enterobacter,477.0
416,ECLO,ACXM,0.5,cephalosporins,enterobacter,3.0
417,ECLO,ATOB,0.0869565217391,aminoglycosides,enterobacter,23.0
418,ECLO,AAZT,0.0,monobactams,enterobacter,1.0
419,ECLO,ATIG,0.0,tetracyclines,enterobacter,1.0
420,ECLO,AFOS,0.0,,enterobacter,3.0
421,ECLO,ACPO,1.0,,enterobacter,1.0
422,KLEBS,ACIP,0.720130932897,fluoroquinolones,klebsiella,611.0
423,KLEBS,ATRI,0.804958677686,,klebsiella,605.0
424,KLEBS,ANIT,0.623762376238,,klebsiella,606.0
425,KLEBS,AAUG,0.631751227496,,klebsiella,611.0
426,KLEBS,ACELX,0.767326732673,cephalosporins,klebsiella,606.0
427,KLEBS,AGEN,0.475247524752,aminoglycosides,klebsiella,606.0
429,KLEBS,AAMO,1.0,aminopenicillins,klebsiella,7.0
430,KLEBS,A_CEFPODOX,0.771241830065,cephalosporins,klebsiella,153.0
431,KLEBS,ATAZ,0.601851851852,,klebsiella,540.0
432,KLEBS,AMER,0.0259259259259,meropenems,klebsiella,540.0
433,KLEBS,ACAZ,0.752310536044,cephalosporins,klebsiella,541.0
434,KLEBS,ACTX,0.770794824399,cephalosporins,klebsiella,541.0
435,KLEBS,ACXT,0.30241187384,cephalosporins,klebsiella,539.0
436,KLEBS,AAMI,0.0517560073937,aminoglycosides,klebsiella,541.0
437,KLEBS,AMEC,0.254437869822,penicillins,klebsiella,507.0
438,KLEBS,ATEM,0.178733031674,penicillins,klebsiella,443.0
439,KLEBS,AERT,0.103370786517,meropenems,klebsiella,445.0
440,KLEBS,ACOL,0.137634408602,polypeptides,klebsiella,465.0
441,KLEBS,AESBL,0.204778156997,,klebsiella,293.0
442,KLEBS,AAMPC,0.652173913043,,klebsiella,184.0
443,KLEBS,AIMP,0.0423728813559,meropenems,klebsiella,118.0
444,KLEBS,ACXM,0.91452991453,cephalosporins,klebsiella,117.0
445,KLEBS,ATOB,0.75,aminoglycosides,klebsiella,88.0
446,KLEBS,AAZT,0.8,monobactams,klebsiella,5.0
447,KLEBS,A_TIMENTIN,0.933333333333,,klebsiella,15.0
448,KLEBS,A_SULPHAME,1.0,sulfonamides,klebsiella,12.0
449,KLEBS,ACOT,0.75,sulfonamides,klebsiella,4.0
450,KLEBS,ATIG,0.857142857143,tetracyclines,klebsiella,7.0
451,KLEBS,AFOS,0.666666666667,,klebsiella,3.0
452,ENTAE,ACIP,0.0487238979118,fluoroquinolones,enterobacter,431.0
453,ENTAE,ATRI,0.136890951276,,enterobacter,431.0
454,ENTAE,ANIT,0.662790697674,,enterobacter,430.0
455,ENTAE,AAUG,0.958139534884,,enterobacter,430.0
456,ENTAE,ACELX,0.925407925408,cephalosporins,enterobacter,429.0
457,ENTAE,AGEN,0.0348027842227,aminoglycosides,enterobacter,431.0
459,ENTAE,ATAZ,0.158924205379,,enterobacter,409.0
460,ENTAE,AMER,0.0122249388753,meropenems,enterobacter,409.0
461,ENTAE,ACAZ,0.21760391198,cephalosporins,enterobacter,409.0
462,ENTAE,ACTX,0.20782396088,cephalosporins,enterobacter,409.0
463,ENTAE,ACXT,0.987775061125,cephalosporins,enterobacter,409.0
464,ENTAE,AAMI,0.00733496332518,aminoglycosides,enterobacter,409.0
465,ENTAE,AMEC,0.0746268656716,penicillins,enterobacter,402.0
466,ENTAE,ATEM,0.025,penicillins,enterobacter,400.0
467,ENTAE,AERT,0.111940298507,meropenems,enterobacter,402.0
468,ENTAE,ACOL,0.0125786163522,polypeptides,enterobacter,318.0
469,ENTAE,AESBL,0.938511326861,,enterobacter,309.0
470,ENTAE,AAMPC,0.0302114803625,,enterobacter,332.0
471,ENTAE,ATOB,0.0909090909091,aminoglycosides,enterobacter,11.0
472,ENTAE,AFOS,0.25,,enterobacter,4.0
473,ENTAE,ACPO,1.0,,enterobacter,1.0
474,CFRE,ACIP,0.14798206278,fluoroquinolones,citrobacter,223.0
475,CFRE,ATRI,0.215246636771,,citrobacter,223.0
476,CFRE,ANIT,0.067264573991,,citrobacter,223.0
477,CFRE,AAUG,0.928251121076,,citrobacter,223.0
478,CFRE,ACELX,0.90134529148,cephalosporins,citrobacter,223.0
479,CFRE,AGEN,0.156950672646,aminoglycosides,citrobacter,223.0
481,CFRE,AAMO,1.0,aminopenicillins,citrobacter,1.0
482,CFRE,ATAZ,0.150485436893,,citrobacter,206.0
483,CFRE,AMER,0.0191387559809,meropenems,citrobacter,209.0
484,CFRE,ACAZ,0.23786407767,cephalosporins,citrobacter,206.0
485,CFRE,ACTX,0.219512195122,cephalosporins,citrobacter,205.0
486,CFRE,ACXT,0.966019417476,cephalosporins,citrobacter,206.0
487,CFRE,AAMI,0.0436893203883,aminoglycosides,citrobacter,206.0
488,CFRE,AMEC,0.0339805825243,penicillins,citrobacter,206.0
489,CFRE,ATEM,0.0339805825243,penicillins,citrobacter,206.0
490,CFRE,AERT,0.0533980582524,meropenems,citrobacter,206.0
491,CFRE,ACOL,0.00606060606061,polypeptides,citrobacter,165.0
492,CFRE,AESBL,0.8375,,citrobacter,160.0
493,CFRE,AAMPC,0.0496894409938,,citrobacter,161.0
494,CFRE,AIMP,1.0,meropenems,citrobacter,2.0
495,CFRE,ACXM,0.0,cephalosporins,citrobacter,4.0
496,CFRE,ATOB,0.6,aminoglycosides,citrobacter,5.0
497,CFRE,ATIG,0.0,tetracyclines,citrobacter,2.0
498,CFRE,AFOS,0.5,,citrobacter,2.0
499,CFRE,A_CEFEPIME,1.0,cephalosporins,citrobacter,1.0
500,SMAR,ACIP,0.0753768844221,fluoroquinolones,serratia,199.0
501,SMAR,ATRI,0.442211055276,,serratia,199.0
502,SMAR,ANIT,0.984848484848,,serratia,198.0
503,SMAR,AAUG,0.959798994975,,serratia,199.0
504,SMAR,ACELX,1.0,cephalosporins,serratia,199.0
505,SMAR,AGEN,0.00502512562814,aminoglycosides,serratia,199.0
507,SMAR,ATAZ,0.030612244898,,serratia,196.0
508,SMAR,AMER,0.0,meropenems,serratia,196.0
509,SMAR,ACAZ,0.0204081632653,cephalosporins,serratia,196.0
510,SMAR,ACTX,0.0663265306122,cephalosporins,serratia,196.0
511,SMAR,ACXT,0.852040816327,cephalosporins,serratia,196.0
512,SMAR,AAMI,0.00510204081633,aminoglycosides,serratia,196.0
513,SMAR,AMEC,0.194871794872,penicillins,serratia,195.0
514,SMAR,ATEM,0.0769230769231,penicillins,serratia,195.0
515,SMAR,AERT,0.0102564102564,meropenems,serratia,195.0
516,SMAR,ACOL,0.634615384615,polypeptides,serratia,156.0
517,SMAR,AESBL,0.979166666667,,serratia,144.0
518,SMAR,AAMPC,0.0802919708029,,serratia,137.0
519,SMAR,ATOB,0.0,aminoglycosides,serratia,3.0
520,SMAR,AFOS,1.0,,serratia,1.0
521,CITRO,ACIP,0.112903225806,fluoroquinolones,citrobacter,186.0
522,CITRO,ATRI,0.193548387097,,citrobacter,186.0
523,CITRO,ANIT,0.0540540540541,,citrobacter,185.0
524,CITRO,AAUG,0.876344086022,,citrobacter,186.0
525,CITRO,ACELX,0.767567567568,cephalosporins,citrobacter,185.0
526,CITRO,AGEN,0.125,aminoglycosides,citrobacter,184.0
528,CITRO,AAMO,1.0,aminopenicillins,citrobacter,2.0
529,CITRO,A_CEFPODOX,0.666666666667,cephalosporins,citrobacter,27.0
530,CITRO,ATAZ,0.229299363057,,citrobacter,157.0
531,CITRO,AMER,0.0189873417722,meropenems,citrobacter,158.0
532,CITRO,ACAZ,0.394904458599,cephalosporins,citrobacter,157.0
533,CITRO,ACTX,0.397435897436,cephalosporins,citrobacter,156.0
534,CITRO,ACXT,0.96178343949,cephalosporins,citrobacter,157.0
535,CITRO,AAMI,0.0193548387097,aminoglycosides,citrobacter,155.0
536,CITRO,AMEC,0.0460526315789,penicillins,citrobacter,152.0
537,CITRO,ATEM,0.0492957746479,penicillins,citrobacter,142.0
538,CITRO,AERT,0.0915492957746,meropenems,citrobacter,142.0
539,CITRO,ACOL,0.0687022900763,polypeptides,citrobacter,131.0
540,CITRO,AESBL,0.905263157895,,citrobacter,95.0
541,CITRO,AAMPC,0.0526315789474,,citrobacter,95.0
542,CITRO,AIMP,0.1,meropenems,citrobacter,20.0
543,CITRO,ACXM,0.7,cephalosporins,citrobacter,20.0
544,CITRO,ATOB,0.166666666667,aminoglycosides,citrobacter,18.0
545,CITRO,ATIG,0.0,tetracyclines,citrobacter,1.0
546,ACINE,ACIP,0.0764331210191,fluoroquinolones,acinetobacter,157.0
547,ACINE,ATRI,0.967741935484,,acinetobacter,125.0
548,ACINE,ANIT,0.943548387097,,acinetobacter,125.0
549,ACINE,AAUG,0.08,,acinetobacter,126.0
550,ACINE,ACELX,0.471544715447,cephalosporins,acinetobacter,124.0
551,ACINE,AGEN,0.0392156862745,aminoglycosides,acinetobacter,153.0
553,ACINE,AAMO,0.0,aminopenicillins,acinetobacter,1.0
554,ACINE,A_CEFPODOX,0.75,cephalosporins,acinetobacter,8.0
555,ACINE,ATAZ,0.0888888888889,,acinetobacter,90.0
556,ACINE,AMER,0.0434782608696,meropenems,acinetobacter,92.0
557,ACINE,ACAZ,0.636363636364,cephalosporins,acinetobacter,56.0
558,ACINE,ACTX,0.698113207547,cephalosporins,acinetobacter,54.0
559,ACINE,ACXT,0.716981132075,cephalosporins,acinetobacter,54.0
560,ACINE,AAMI,0.0561797752809,aminoglycosides,acinetobacter,89.0
561,ACINE,AMEC,0.489795918367,penicillins,acinetobacter,50.0
562,ACINE,ATEM,0.702127659574,penicillins,acinetobacter,48.0
563,ACINE,AERT,0.723404255319,meropenems,acinetobacter,48.0
564,ACINE,ACOL,0.0238095238095,polypeptides,acinetobacter,43.0
565,ACINE,AESBL,0.692307692308,,acinetobacter,27.0
566,ACINE,AAMPC,0.5,,acinetobacter,19.0
567,ACINE,AMET,1.0,penicillins,acinetobacter,1.0
568,ACINE,AIMP,0.0,meropenems,acinetobacter,6.0
569,ACINE,ACXM,0.75,cephalosporins,acinetobacter,4.0
570,ACINE,APEN,1.0,penicillins,acinetobacter,1.0
571,ACINE,AERY,1.0,macrolides,acinetobacter,1.0
572,ACINE,ACLI,1.0,macrolides,acinetobacter,1.0
573,ACINE,ATET,0.0,tetracyclines,acinetobacter,1.0
574,ACINE,ATOB,0.0,aminoglycosides,acinetobacter,3.0
575,ACINE,AAZT,1.0,monobactams,acinetobacter,1.0
576,ACINE,A_TIMENTIN,0.5,,acinetobacter,2.0
577,ACINE,ACOT,0.0,sulfonamides,acinetobacter,4.0
578,ACINE,ATIG,0.0,tetracyclines,acinetobacter,1.0
579,SERRA,ACIP,0.123966942149,fluoroquinolones,serratia,121.0
580,SERRA,ATRI,0.416666666667,,serratia,120.0
581,SERRA,ANIT,0.991666666667,,serratia,120.0
582,SERRA,AAUG,0.95867768595,,serratia,121.0
583,SERRA,ACELX,1.0,cephalosporins,serratia,120.0
584,SERRA,AGEN,0.0,aminoglycosides,serratia,121.0
586,SERRA,AAMO,1.0,aminopenicillins,serratia,2.0
587,SERRA,A_CEFPODOX,0.206896551724,cephalosporins,serratia,29.0
588,SERRA,ATAZ,0.0252100840336,,serratia,119.0
589,SERRA,AMER,0.0,meropenems,serratia,119.0
590,SERRA,ACAZ,0.0840336134454,cephalosporins,serratia,119.0
591,SERRA,ACTX,0.126050420168,cephalosporins,serratia,119.0
592,SERRA,ACXT,0.773109243697,cephalosporins,serratia,119.0
593,SERRA,AAMI,0.00840336134454,aminoglycosides,serratia,119.0
594,SERRA,AMEC,0.269565217391,penicillins,serratia,115.0
595,SERRA,ATEM,0.0833333333333,penicillins,serratia,96.0
596,SERRA,AERT,0.0208333333333,meropenems,serratia,96.0
597,SERRA,ACOL,0.650943396226,polypeptides,serratia,106.0
598,SERRA,AESBL,0.986666666667,,serratia,75.0
599,SERRA,AAMPC,0.184615384615,,serratia,65.0
600,SERRA,AIMP,0.0,meropenems,serratia,27.0
601,SERRA,ACXM,0.962962962963,cephalosporins,serratia,27.0
602,SERRA,ATOB,0.0434782608696,aminoglycosides,serratia,23.0
603,SERRA,AAZT,0.0,monobactams,serratia,1.0
604,SERRA,ACOT,0.0,sulfonamides,serratia,1.0
605,CKOS,ACIP,0.030612244898,fluoroquinolones,citrobacter,98.0
606,CKOS,ATRI,0.163265306122,,citrobacter,98.0
607,CKOS,ANIT,0.183673469388,,citrobacter,98.0
608,CKOS,AAUG,0.0510204081633,,citrobacter,98.0
609,CKOS,ACELX,0.0816326530612,cephalosporins,citrobacter,98.0
610,CKOS,AGEN,0.030612244898,aminoglycosides,citrobacter,98.0
612,CKOS,ATAZ,0.142857142857,,citrobacter,14.0
613,CKOS,AMER,0.0,meropenems,citrobacter,14.0
614,CKOS,ACAZ,0.285714285714,cephalosporins,citrobacter,14.0
615,CKOS,ACTX,0.5,cephalosporins,citrobacter,14.0
616,CKOS,ACXT,0.285714285714,cephalosporins,citrobacter,14.0
617,CKOS,AAMI,0.0,aminoglycosides,citrobacter,14.0
618,CKOS,AMEC,0.0714285714286,penicillins,citrobacter,14.0
619,CKOS,ATEM,0.0714285714286,penicillins,citrobacter,14.0
620,CKOS,AERT,0.0,meropenems,citrobacter,14.0
621,CKOS,ACOL,0.0,polypeptides,citrobacter,12.0
622,CKOS,AESBL,0.636363636364,,citrobacter,12.0
623,CKOS,AAMPC,0.625,,citrobacter,9.0
624,ABAU,ACIP,0.340206185567,fluoroquinolones,acinetobacter,97.0
625,ABAU,ATRI,0.939759036145,,acinetobacter,84.0
626,ABAU,ANIT,1.0,,acinetobacter,85.0
627,ABAU,AAUG,0.372093023256,,acinetobacter,87.0
628,ABAU,ACELX,1.0,cephalosporins,acinetobacter,85.0
629,ABAU,AGEN,0.223404255319,aminoglycosides,acinetobacter,94.0
631,ABAU,AAMO,1.0,aminopenicillins,acinetobacter,2.0
632,ABAU,A_CEFPODOX,1.0,cephalosporins,acinetobacter,15.0
633,ABAU,ATAZ,0.325842696629,,acinetobacter,89.0
634,ABAU,AMER,0.261363636364,meropenems,acinetobacter,88.0
635,ABAU,ACAZ,0.971014492754,cephalosporins,acinetobacter,69.0
636,ABAU,ACTX,1.0,cephalosporins,acinetobacter,67.0
637,ABAU,ACXT,0.970588235294,cephalosporins,acinetobacter,68.0
638,ABAU,AAMI,0.181818181818,aminoglycosides,acinetobacter,88.0
639,ABAU,AMEC,0.952380952381,penicillins,acinetobacter,63.0
640,ABAU,ATEM,0.901639344262,penicillins,acinetobacter,61.0
641,ABAU,AERT,1.0,meropenems,acinetobacter,60.0
642,ABAU,ACOL,0.0508474576271,polypeptides,acinetobacter,59.0
643,ABAU,AESBL,0.791666666667,,acinetobacter,24.0
644,ABAU,AAMPC,0.230769230769,,acinetobacter,13.0
645,ABAU,AIMP,0.5,meropenems,acinetobacter,10.0
646,ABAU,ACXM,1.0,cephalosporins,acinetobacter,13.0
647,ABAU,ATOB,0.428571428571,aminoglycosides,acinetobacter,7.0
648,ABAU,AAZT,1.0,monobactams,acinetobacter,1.0
649,ABAU,ACOT,1.0,sulfonamides,acinetobacter,1.0
650,ABAU,ATIG,1.0,tetracyclines,acinetobacter,1.0
651,KOXY,ACIP,0.19512195122,fluoroquinolones,klebsiella,82.0
652,KOXY,ATRI,0.268292682927,,klebsiella,82.0
653,KOXY,ANIT,0.0365853658537,,klebsiella,82.0
654,KOXY,AAUG,0.548780487805,,klebsiella,82.0
655,KOXY,ACELX,0.59756097561,cephalosporins,klebsiella,82.0
656,KOXY,AGEN,0.19512195122,aminoglycosides,klebsiella,82.0
658,KOXY,AAMO,,aminopenicillins,klebsiella,1.0
659,KOXY,ATAZ,0.88,,klebsiella,51.0
660,KOXY,AMER,0.117647058824,meropenems,klebsiella,51.0
661,KOXY,ACAZ,0.333333333333,cephalosporins,klebsiella,51.0
662,KOXY,ACTX,0.588235294118,cephalosporins,klebsiella,51.0
663,KOXY,ACXT,0.235294117647,cephalosporins,klebsiella,51.0
664,KOXY,AAMI,0.0,aminoglycosides,klebsiella,51.0
665,KOXY,AMEC,0.64,penicillins,klebsiella,50.0
666,KOXY,ATEM,0.0588235294118,penicillins,klebsiella,51.0
667,KOXY,AERT,0.117647058824,meropenems,klebsiella,51.0
668,KOXY,ACOL,0.0285714285714,polypeptides,klebsiella,35.0
669,KOXY,AESBL,0.560975609756,,klebsiella,41.0
670,KOXY,AAMPC,0.590909090909,,klebsiella,22.0
671,KOXY,ACXM,,cephalosporins,klebsiella,1.0
672,KOXY,ATOB,0.333333333333,aminoglycosides,klebsiella,3.0
673,KOXY,AFOS,0.0,,klebsiella,3.0
674,KOXY,ACPO,0.0,,klebsiella,1.0
675,PVUL,ACIP,0.05,fluoroquinolones,proteus,60.0
676,PVUL,ATRI,0.533333333333,,proteus,60.0
677,PVUL,ANIT,0.983333333333,,proteus,60.0
678,PVUL,AAUG,0.05,,proteus,60.0
679,PVUL,ACELX,0.933333333333,cephalosporins,proteus,60.0
680,PVUL,AGEN,0.0166666666667,aminoglycosides,proteus,60.0
682,PVUL,ATAZ,0.0,,proteus,44.0
683,PVUL,AMER,0.0,meropenems,proteus,45.0
684,PVUL,ACAZ,0.0,cephalosporins,proteus,45.0
685,PVUL,ACTX,0.0,cephalosporins,proteus,45.0
686,PVUL,ACXT,0.0222222222222,cephalosporins,proteus,45.0
687,PVUL,AAMI,0.0,aminoglycosides,proteus,45.0
688,PVUL,AMEC,0.2,penicillins,proteus,45.0
689,PVUL,ATEM,0.0,penicillins,proteus,45.0
690,PVUL,AERT,0.0,meropenems,proteus,45.0
691,PVUL,ACOL,0.941176470588,polypeptides,proteus,34.0
692,PVUL,AESBL,1.0,,proteus,29.0
693,PVUL,AAMPC,0.933333333333,,proteus,15.0
694,PVUL,ATOB,0.0,aminoglycosides,proteus,2.0
695,SEPI,ACIP,0.366666666667,fluoroquinolones,staphylococcus,60.0
696,SEPI,ATRI,0.46,,staphylococcus,50.0
697,SEPI,ANIT,0.0208333333333,,staphylococcus,48.0
698,SEPI,AAUG,0.0238095238095,,staphylococcus,42.0
699,SEPI,ACELX,0.1,cephalosporins,staphylococcus,10.0
700,SEPI,AGEN,0.220338983051,aminoglycosides,staphylococcus,59.0
702,SEPI,AVAN,0.0,glycopeptide,staphylococcus,1.0
703,SEPI,AMET,0.466666666667,penicillins,staphylococcus,45.0
704,SEPI,APEN,0.8,penicillins,staphylococcus,35.0
705,SEPI,AERY,0.705882352941,macrolides,staphylococcus,34.0
706,SEPI,ACLI,0.529411764706,macrolides,staphylococcus,34.0
707,SEPI,ATET,0.294117647059,tetracyclines,staphylococcus,34.0
708,SEPI,AFUS,0.617647058824,,staphylococcus,34.0
709,SEPI,ARIF,0.0,,staphylococcus,11.0
710,SEPI,AMUP,0.0909090909091,,staphylococcus,11.0
711,SEPI,AMLS,0.416666666667,,staphylococcus,12.0
712,SEPI,ANOV,0.0,aminocoumarin,staphylococcus,2.0
713,ALWO,ACIP,0.04,fluoroquinolones,acinetobacter,50.0
714,ALWO,ATRI,0.954545454545,,acinetobacter,44.0
715,ALWO,ANIT,0.860465116279,,acinetobacter,43.0
716,ALWO,AAUG,0.0,,acinetobacter,42.0
717,ALWO,ACELX,0.0243902439024,cephalosporins,acinetobacter,41.0
718,ALWO,AGEN,0.0,aminoglycosides,acinetobacter,50.0
720,ALWO,AAMO,0.0,aminopenicillins,acinetobacter,1.0
721,ALWO,AVAN,0.0,glycopeptide,acinetobacter,1.0
722,ALWO,ATAZ,0.0,,acinetobacter,19.0
723,ALWO,AMER,0.0,meropenems,acinetobacter,20.0
724,ALWO,ACAZ,0.416666666667,cephalosporins,acinetobacter,12.0
725,ALWO,ACTX,0.416666666667,cephalosporins,acinetobacter,12.0
726,ALWO,ACXT,0.5,cephalosporins,acinetobacter,12.0
727,ALWO,AAMI,0.0,aminoglycosides,acinetobacter,20.0
728,ALWO,AMEC,0.111111111111,penicillins,acinetobacter,9.0
729,ALWO,ATEM,0.0,penicillins,acinetobacter,9.0
730,ALWO,AERT,0.6,meropenems,acinetobacter,10.0
731,ALWO,ACOL,0.0,polypeptides,acinetobacter,9.0
732,ALWO,AESBL,0.666666666667,,acinetobacter,3.0
733,ALWO,AAMPC,1.0,,acinetobacter,3.0
734,ALWO,AMET,1.0,penicillins,acinetobacter,1.0
735,ALWO,ACOT,0.0,sulfonamides,acinetobacter,1.0
736,PRET,ACIP,0.0454545454545,fluoroquinolones,providencia,44.0
737,PRET,ATRI,0.454545454545,,providencia,44.0
738,PRET,ANIT,0.954545454545,,providencia,44.0
739,PRET,AAUG,0.454545454545,,providencia,44.0
740,PRET,ACELX,0.545454545455,cephalosporins,providencia,44.0
741,PRET,AGEN,0.0,aminoglycosides,providencia,44.0
743,PRET,ATAZ,0.047619047619,,providencia,21.0
744,PRET,AMER,0.047619047619,meropenems,providencia,21.0
745,PRET,ACAZ,0.047619047619,cephalosporins,providencia,21.0
746,PRET,ACTX,0.047619047619,cephalosporins,providencia,21.0
747,PRET,ACXT,0.0952380952381,cephalosporins,providencia,21.0
748,PRET,AAMI,0.047619047619,aminoglycosides,providencia,21.0
749,PRET,AMEC,0.590909090909,penicillins,providencia,22.0
750,PRET,ATEM,0.0,penicillins,providencia,22.0
751,PRET,AERT,0.0454545454545,meropenems,providencia,22.0
752,PRET,ACOL,0.894736842105,polypeptides,providencia,19.0
753,PRET,AESBL,0.916666666667,,providencia,12.0
754,PRET,AAMPC,0.9,,providencia,10.0
755,AHS,ACIP,0.552631578947,fluoroquinolones,streptococcus,38.0
756,AHS,ATRI,0.413793103448,,streptococcus,58.0
757,AHS,ANIT,0.05,,streptococcus,60.0
758,AHS,AAUG,0.046511627907,,streptococcus,43.0
759,AHS,ACELX,0.222222222222,cephalosporins,streptococcus,45.0
760,AHS,AGEN,0.1,aminoglycosides,streptococcus,20.0
762,AHS,AAMO,0.0540540540541,aminopenicillins,streptococcus,37.0
763,AHS,AVAN,0.0212765957447,glycopeptide,streptococcus,47.0
764,AHS,ATAZ,0.0,,streptococcus,1.0
765,AHS,AMER,0.0,meropenems,streptococcus,1.0
766,AHS,ACAZ,0.0,cephalosporins,streptococcus,1.0
767,AHS,ACTX,0.0,cephalosporins,streptococcus,1.0
768,AHS,ACXT,0.0,cephalosporins,streptococcus,1.0
769,AHS,AAMI,1.0,aminoglycosides,streptococcus,1.0
770,AHS,ATEM,0.5,penicillins,streptococcus,2.0
771,AHS,AERT,0.0,meropenems,streptococcus,1.0
772,AHS,ATEI,0.0,glycopeptide,streptococcus,45.0
773,AHS,ACOL,1.0,polypeptides,streptococcus,1.0
774,AHS,ALIN,0.0,oxazolidinones,streptococcus,3.0
775,AHS,ASYN,0.0,,streptococcus,2.0
776,AHS,APEN,0.0909090909091,penicillins,streptococcus,33.0
777,AHS,AERY,0.3,macrolides,streptococcus,30.0
778,AHS,ACLI,0.206896551724,macrolides,streptococcus,29.0
779,AHS,ATET,0.5,tetracyclines,streptococcus,24.0
780,AHS,AMLS,0.857142857143,,streptococcus,7.0
781,AHS,AMOX,0.5,fluoroquinolones,streptococcus,2.0
782,AHS,ALEV,0.5,fluoroquinolones,streptococcus,2.0
783,SHAEM,ACIP,0.432432432432,fluoroquinolones,staphylococcus,37.0
784,SHAEM,ATRI,0.314285714286,,staphylococcus,35.0
785,SHAEM,ANIT,0.0,,staphylococcus,33.0
786,SHAEM,AAUG,0.111111111111,,staphylococcus,9.0
787,SHAEM,ACELX,0.208333333333,cephalosporins,staphylococcus,24.0
788,SHAEM,AGEN,0.27027027027,aminoglycosides,staphylococcus,37.0
790,SHAEM,AAMO,0.15,aminopenicillins,staphylococcus,20.0
791,SHAEM,AVAN,0.0,glycopeptide,staphylococcus,1.0
792,SHAEM,ACXT,0.0,cephalosporins,staphylococcus,6.0
793,SHAEM,AMET,0.7,penicillins,staphylococcus,10.0
794,SHAEM,APEN,0.730769230769,penicillins,staphylococcus,26.0
795,SHAEM,AERY,0.730769230769,macrolides,staphylococcus,26.0
796,SHAEM,ACLI,0.346153846154,macrolides,staphylococcus,26.0
797,SHAEM,ATET,0.230769230769,tetracyclines,staphylococcus,26.0
798,SHAEM,AFUS,0.466666666667,,staphylococcus,15.0
799,SHAEM,ARIF,0.0,,staphylococcus,7.0
800,SHAEM,AMUP,0.0,,staphylococcus,7.0
801,SHAEM,AMLS,0.6,,staphylococcus,15.0
802,SHAEM,ANOV,0.0,aminocoumarin,staphylococcus,2.0
803,SMAL,ACIP,0.823529411765,fluoroquinolones,strenotrophomonas,34.0
804,SMAL,ATRI,1.0,,strenotrophomonas,33.0
805,SMAL,ANIT,0.970588235294,,strenotrophomonas,34.0
806,SMAL,AAUG,0.333333333333,,strenotrophomonas,33.0
807,SMAL,ACELX,1.0,cephalosporins,strenotrophomonas,32.0
808,SMAL,AGEN,0.625,aminoglycosides,strenotrophomonas,32.0
810,SMAL,AAMO,0.0,aminopenicillins,strenotrophomonas,1.0
811,SMAL,AVAN,0.0,glycopeptide,strenotrophomonas,1.0
812,SMAL,A_CEFPODOX,1.0,cephalosporins,strenotrophomonas,4.0
813,SMAL,ATAZ,0.133333333333,,strenotrophomonas,15.0
814,SMAL,AMER,0.785714285714,meropenems,strenotrophomonas,14.0
815,SMAL,ACAZ,0.25,cephalosporins,strenotrophomonas,16.0
816,SMAL,ACTX,0.461538461538,cephalosporins,strenotrophomonas,13.0
817,SMAL,ACXT,0.923076923077,cephalosporins,strenotrophomonas,13.0
818,SMAL,AAMI,0.642857142857,aminoglycosides,strenotrophomonas,14.0
819,SMAL,AMEC,0.923076923077,penicillins,strenotrophomonas,13.0
820,SMAL,ATEM,0.909090909091,penicillins,strenotrophomonas,11.0
821,SMAL,AERT,0.909090909091,meropenems,strenotrophomonas,11.0
822,SMAL,ACOL,0.0,polypeptides,strenotrophomonas,13.0
823,SMAL,AESBL,0.8,,strenotrophomonas,5.0
824,SMAL,AAMPC,0.4,,strenotrophomonas,5.0
825,SMAL,AIMP,1.0,meropenems,strenotrophomonas,3.0
826,SMAL,ACXM,1.0,cephalosporins,strenotrophomonas,2.0
827,SMAL,ATOB,0.75,aminoglycosides,strenotrophomonas,4.0
828,SMAL,AAZT,1.0,monobactams,strenotrophomonas,2.0
829,SMAL,A_TIMENTIN,0.0,,strenotrophomonas,2.0
830,SMAL,ACOT,0.0961538461538,sulfonamides,strenotrophomonas,104.0
831,PSTUA,ACIP,0.264705882353,fluoroquinolones,providencia,34.0
832,PSTUA,ATRI,0.764705882353,,providencia,34.0
833,PSTUA,ANIT,0.970588235294,,providencia,34.0
834,PSTUA,AAUG,0.970588235294,,providencia,34.0
835,PSTUA,ACELX,0.382352941176,cephalosporins,providencia,34.0
836,PSTUA,AGEN,0.382352941176,aminoglycosides,providencia,34.0
838,PSTUA,ATAZ,0.0,,providencia,30.0
839,PSTUA,AMER,0.0,meropenems,providencia,30.0
840,PSTUA,ACAZ,0.0,cephalosporins,providencia,30.0
841,PSTUA,ACTX,0.0,cephalosporins,providencia,30.0
842,PSTUA,ACXT,0.0,cephalosporins,providencia,30.0
843,PSTUA,AAMI,0.0,aminoglycosides,providencia,30.0
844,PSTUA,AMEC,0.2,penicillins,providencia,30.0
845,PSTUA,ATEM,0.0,penicillins,providencia,30.0
846,PSTUA,AERT,0.0,meropenems,providencia,30.0
847,PSTUA,ACOL,1.0,polypeptides,providencia,28.0
848,PSTUA,AESBL,1.0,,providencia,13.0
849,PSTUA,AAMPC,0.846153846154,,providencia,13.0
850,BHSA,ACIP,0.185185185185,fluoroquinolones,streptococcus,27.0
851,BHSA,ATRI,0.0222222222222,,streptococcus,45.0
852,BHSA,ANIT,0.0,,streptococcus,46.0
853,BHSA,AAUG,0.0,,streptococcus,17.0
854,BHSA,ACELX,0.0512820512821,cephalosporins,streptococcus,39.0
855,BHSA,AGEN,0.1,aminoglycosides,streptococcus,20.0
857,BHSA,AAMO,0.0,aminopenicillins,streptococcus,36.0
858,BHSA,AVAN,0.0,glycopeptide,streptococcus,9.0
859,BHSA,A_CEFPODOX,0.0,cephalosporins,streptococcus,1.0
860,BHSA,ATEI,0.0,glycopeptide,streptococcus,5.0
861,BHSA,APEN,0.0,penicillins,streptococcus,31.0
862,BHSA,AERY,0.0645161290323,macrolides,streptococcus,31.0
863,BHSA,ACLI,0.0769230769231,macrolides,streptococcus,26.0
864,BHSA,ATET,0.0645161290323,tetracyclines,streptococcus,31.0
865,BHSA,AMLS,0.9,,streptococcus,10.0
866,A_PROVIDEN,ACIP,0.12,fluoroquinolones,providencia,25.0
867,A_PROVIDEN,ATRI,0.56,,providencia,25.0
868,A_PROVIDEN,ANIT,0.96,,providencia,25.0
869,A_PROVIDEN,AAUG,0.72,,providencia,25.0
870,A_PROVIDEN,ACELX,0.68,cephalosporins,providencia,25.0
871,A_PROVIDEN,AGEN,0.08,aminoglycosides,providencia,25.0
873,A_PROVIDEN,A_CEFPODOX,0.0,cephalosporins,providencia,3.0
874,A_PROVIDEN,ATAZ,0.117647058824,,providencia,17.0
875,A_PROVIDEN,AMER,0.0588235294118,meropenems,providencia,17.0
876,A_PROVIDEN,ACAZ,0.117647058824,cephalosporins,providencia,17.0
877,A_PROVIDEN,ACTX,0.117647058824,cephalosporins,providencia,17.0
878,A_PROVIDEN,ACXT,0.294117647059,cephalosporins,providencia,17.0
879,A_PROVIDEN,AAMI,0.0588235294118,aminoglycosides,providencia,17.0
880,A_PROVIDEN,AMEC,0.5,penicillins,providencia,18.0
881,A_PROVIDEN,ATEM,0.0555555555556,penicillins,providencia,18.0
882,A_PROVIDEN,AERT,0.117647058824,meropenems,providencia,17.0
883,A_PROVIDEN,ACOL,0.9375,polypeptides,providencia,16.0
884,A_PROVIDEN,AESBL,0.875,,providencia,8.0
885,A_PROVIDEN,AAMPC,0.857142857143,,providencia,7.0
886,PPUT,ACIP,0.0869565217391,fluoroquinolones,pseudomonas,23.0
887,PPUT,ATRI,1.0,,pseudomonas,4.0
888,PPUT,ANIT,1.0,,pseudomonas,4.0
889,PPUT,AAUG,0.75,,pseudomonas,4.0
890,PPUT,ACELX,1.0,cephalosporins,pseudomonas,4.0
891,PPUT,AGEN,0.0434782608696,aminoglycosides,pseudomonas,23.0
893,PPUT,ATAZ,0.0909090909091,,pseudomonas,22.0
894,PPUT,AMER,0.409090909091,meropenems,pseudomonas,22.0
895,PPUT,ACAZ,0.0454545454545,cephalosporins,pseudomonas,22.0
896,PPUT,ACTX,0.5,cephalosporins,pseudomonas,2.0
897,PPUT,ACXT,0.666666666667,cephalosporins,pseudomonas,3.0
898,PPUT,AAMI,0.0,aminoglycosides,pseudomonas,22.0
899,PPUT,AMEC,1.0,penicillins,pseudomonas,1.0
900,PPUT,ATEM,1.0,penicillins,pseudomonas,1.0
901,PPUT,AERT,1.0,meropenems,pseudomonas,1.0
902,PPUT,ACOL,0.0,polypeptides,pseudomonas,1.0
903,PPUT,AESBL,1.0,,pseudomonas,1.0
904,PPUT,AIMP,0.5,meropenems,pseudomonas,2.0
905,PPUT,ATOB,0.5,aminoglycosides,pseudomonas,2.0
906,PPUT,AAZT,1.0,monobactams,pseudomonas,2.0
907,CORYN,ACIP,0.421052631579,fluoroquinolones,corynebacterium,19.0
908,CORYN,ATRI,0.764705882353,,corynebacterium,17.0
909,CORYN,ANIT,0.909090909091,,corynebacterium,11.0
910,CORYN,AAUG,0.0,,corynebacterium,12.0
911,CORYN,ACELX,0.0,cephalosporins,corynebacterium,10.0
912,CORYN,AGEN,0.0,aminoglycosides,corynebacterium,17.0
914,CORYN,AVAN,0.0,glycopeptide,corynebacterium,6.0
915,CORYN,ATAZ,0.0,,corynebacterium,1.0
916,CORYN,AMER,0.0,meropenems,corynebacterium,1.0
917,CORYN,ACAZ,1.0,cephalosporins,corynebacterium,1.0
918,CORYN,ACTX,0.0,cephalosporins,corynebacterium,1.0
919,CORYN,ACXT,0.0,cephalosporins,corynebacterium,1.0
920,CORYN,AAMI,0.0,aminoglycosides,corynebacterium,1.0
921,CORYN,AMEC,1.0,penicillins,corynebacterium,1.0
922,CORYN,ATEM,1.0,penicillins,corynebacterium,1.0
923,CORYN,AERT,0.0,meropenems,corynebacterium,1.0
924,CORYN,ACOL,1.0,polypeptides,corynebacterium,1.0
925,CORYN,AMET,0.0,penicillins,corynebacterium,10.0
926,CORYN,APEN,0.333333333333,penicillins,corynebacterium,12.0
927,CORYN,AERY,0.555555555556,macrolides,corynebacterium,9.0
928,CORYN,ACLI,0.777777777778,macrolides,corynebacterium,9.0
929,CORYN,ATET,0.111111111111,tetracyclines,corynebacterium,9.0
930,CORYN,AFUS,0.375,,corynebacterium,8.0
931,CORYN,ARIF,0.0,,corynebacterium,5.0
932,CORYN,AMUP,0.6,,corynebacterium,5.0
933,CORYN,ANOV,0.0,aminocoumarin,corynebacterium,1.0
934,LFC,ACIP,0.105263157895,fluoroquinolones,coliform,19.0
935,LFC,ATRI,0.25,,coliform,20.0
936,LFC,ANIT,0.294117647059,,coliform,17.0
937,LFC,AAUG,0.210526315789,,coliform,19.0
938,LFC,ACELX,0.1875,cephalosporins,coliform,16.0
939,LFC,AGEN,0.0588235294118,aminoglycosides,coliform,17.0
941,LFC,AAMO,0.666666666667,aminopenicillins,coliform,3.0
942,LFC,AVAN,0.0,glycopeptide,coliform,1.0
943,LFC,A_CEFPODOX,0.333333333333,cephalosporins,coliform,3.0
944,LFC,ATAZ,0.4,,coliform,5.0
945,LFC,AMER,0.0,meropenems,coliform,2.0
946,LFC,ACAZ,0.4,cephalosporins,coliform,5.0
947,LFC,ACTX,0.4,cephalosporins,coliform,5.0
948,LFC,ACXT,0.4,cephalosporins,coliform,5.0
949,LFC,AAMI,0.333333333333,aminoglycosides,coliform,3.0
950,LFC,AMEC,0.0,penicillins,coliform,2.0
951,LFC,ATEM,0.25,penicillins,coliform,4.0
952,LFC,AERT,0.25,meropenems,coliform,4.0
953,LFC,ACOL,0.333333333333,polypeptides,coliform,3.0
954,LFC,AESBL,1.0,,coliform,1.0
955,LFC,AAMPC,0.0,,coliform,1.0
956,LFC,AIMP,0.0,meropenems,coliform,1.0
957,LFC,ACXM,0.333333333333,cephalosporins,coliform,3.0
958,LFC,A_TIMENTIN,1.0,,coliform,1.0
959,LFC,A_SULPHAME,0.0,sulfonamides,coliform,1.0
960,MCOL,ACIP,0.333333333333,fluoroquinolones,mixed,15.0
961,MCOL,ATRI,0.666666666667,,mixed,15.0
962,MCOL,ANIT,0.266666666667,,mixed,15.0
963,MCOL,AAUG,0.333333333333,,mixed,15.0
964,MCOL,ACELX,0.466666666667,cephalosporins,mixed,15.0
965,MCOL,AGEN,0.133333333333,aminoglycosides,mixed,15.0
967,MCOL,ATAZ,0.285714285714,,mixed,7.0
968,MCOL,AMER,0.285714285714,meropenems,mixed,7.0
969,MCOL,ACAZ,0.428571428571,cephalosporins,mixed,7.0
970,MCOL,ACTX,0.428571428571,cephalosporins,mixed,7.0
971,MCOL,ACXT,0.571428571429,cephalosporins,mixed,7.0
972,MCOL,AAMI,0.142857142857,aminoglycosides,mixed,7.0
973,MCOL,AMEC,0.6,penicillins,mixed,5.0
974,MCOL,ATEM,0.4,penicillins,mixed,5.0
975,MCOL,AERT,0.4,meropenems,mixed,5.0
976,MCOL,ACOL,0.25,polypeptides,mixed,4.0
977,MCOL,AESBL,0.333333333333,,mixed,3.0
978,MCOL,AAMPC,0.333333333333,,mixed,3.0
979,MCOL,ACOT,0.0,sulfonamides,mixed,1.0
980,A_MBG,ACIP,0.230769230769,fluoroquinolones,mixed,13.0
981,A_MBG,ATRI,0.166666666667,,mixed,13.0
982,A_MBG,ANIT,0.25,,mixed,13.0
983,A_MBG,AAUG,0.363636363636,,mixed,11.0
984,A_MBG,ACELX,0.4,cephalosporins,mixed,10.0
985,A_MBG,AGEN,0.0833333333333,aminoglycosides,mixed,12.0
987,A_MBG,AAMO,,aminopenicillins,mixed,1.0
988,A_MBG,AVAN,0.0,glycopeptide,mixed,2.0
989,A_MBG,ATAZ,0.5,,mixed,2.0
990,A_MBG,AMER,0.0,meropenems,mixed,2.0
991,A_MBG,ACAZ,0.0,cephalosporins,mixed,2.0
992,A_MBG,ACTX,0.0,cephalosporins,mixed,1.0
993,A_MBG,ACXT,0.0,cephalosporins,mixed,1.0
994,A_MBG,AAMI,0.0,aminoglycosides,mixed,2.0
995,A_MBG,AMEC,1.0,penicillins,mixed,1.0
996,A_MBG,ATEM,0.0,penicillins,mixed,1.0
997,A_MBG,AERT,0.0,meropenems,mixed,1.0
998,A_MBG,ATEI,0.0,glycopeptide,mixed,1.0
999,A_MBG,ACOL,0.0,polypeptides,mixed,1.0
1000,A_MBG,AESBL,1.0,,mixed,1.0
1001,A_MBG,APEN,0.0,penicillins,mixed,1.0
1002,A_MBG,AERY,1.0,macrolides,mixed,1.0
1003,A_MBG,ACLI,0.0,macrolides,mixed,1.0
1004,A_MBG,ATET,0.0,tetracyclines,mixed,1.0
1005,BHSCG,ACIP,0.153846153846,fluoroquinolones,streptococcus,13.0
1006,BHSCG,ATRI,0.0714285714286,,streptococcus,28.0
1007,BHSCG,ANIT,0.0689655172414,,streptococcus,29.0
1008,BHSCG,AAUG,0.0,,streptococcus,12.0
1009,BHSCG,ACELX,0.05,cephalosporins,streptococcus,20.0
1010,BHSCG,AGEN,0.125,aminoglycosides,streptococcus,8.0
1012,BHSCG,AAMO,0.0,aminopenicillins,streptococcus,21.0
1013,BHSCG,AVAN,0.0,glycopeptide,streptococcus,10.0
1014,BHSCG,A_CEFPODOX,0.0,cephalosporins,streptococcus,2.0
1015,BHSCG,ATEI,0.0,glycopeptide,streptococcus,6.0
1016,BHSCG,APEN,0.0,penicillins,streptococcus,20.0
1017,BHSCG,AERY,0.05,macrolides,streptococcus,20.0
1018,BHSCG,ACLI,0.0,macrolides,streptococcus,16.0
1019,BHSCG,ATET,0.263157894737,tetracyclines,streptococcus,19.0
1020,BHSCG,AMLS,1.0,,streptococcus,4.0
1021,STAPH,ACIP,0.230769230769,fluoroquinolones,staphylococcus,13.0
1022,STAPH,ATRI,0.272727272727,,staphylococcus,11.0
1023,STAPH,ANIT,0.0,,staphylococcus,10.0
1024,STAPH,AAUG,0.125,,staphylococcus,8.0
1025,STAPH,ACELX,0.0,cephalosporins,staphylococcus,1.0
1026,STAPH,AGEN,0.230769230769,aminoglycosides,staphylococcus,13.0
1028,STAPH,AVAN,0.0,glycopeptide,staphylococcus,2.0
1029,STAPH,ATEI,0.0,glycopeptide,staphylococcus,1.0
1030,STAPH,AMET,0.75,penicillins,staphylococcus,8.0
1031,STAPH,APEN,0.777777777778,penicillins,staphylococcus,9.0
1032,STAPH,AERY,0.666666666667,macrolides,staphylococcus,9.0
1033,STAPH,ACLI,0.222222222222,macrolides,staphylococcus,9.0
1034,STAPH,ATET,0.222222222222,tetracyclines,staphylococcus,9.0
1035,STAPH,AFUS,0.625,,staphylococcus,8.0
1036,STAPH,ARIF,0.0,,staphylococcus,5.0
1037,STAPH,AMUP,0.0,,staphylococcus,5.0
1038,STAPH,AMLS,0.666666666667,,staphylococcus,3.0
1039,A_LACTOBAC,ACIP,0.8,fluoroquinolones,lactobacillus,10.0
1040,A_LACTOBAC,ATRI,0.727272727273,,lactobacillus,11.0
1041,A_LACTOBAC,ANIT,0.375,,lactobacillus,8.0
1042,A_LACTOBAC,AAUG,0.0,,lactobacillus,2.0
1043,A_LACTOBAC,ACELX,0.25,cephalosporins,lactobacillus,8.0
1044,A_LACTOBAC,AGEN,0.0,aminoglycosides,lactobacillus,11.0
1046,A_LACTOBAC,AAMO,0.0,aminopenicillins,lactobacillus,7.0
1047,A_LACTOBAC,AVAN,0.333333333333,glycopeptide,lactobacillus,3.0
1048,A_LACTOBAC,ACXT,1.0,cephalosporins,lactobacillus,2.0
1049,A_LACTOBAC,ATEI,0.0,glycopeptide,lactobacillus,3.0
1050,A_LACTOBAC,APEN,0.454545454545,penicillins,lactobacillus,11.0
1051,A_LACTOBAC,AERY,0.181818181818,macrolides,lactobacillus,11.0
1052,A_LACTOBAC,ACLI,0.4,macrolides,lactobacillus,10.0
1053,A_LACTOBAC,ATET,0.25,tetracyclines,lactobacillus,8.0
1054,A_LACTOBAC,AFUS,1.0,,lactobacillus,2.0
1055,A_LACTOBAC,ARIF,0.333333333333,,lactobacillus,3.0
1056,A_LACTOBAC,AMUP,1.0,,lactobacillus,1.0
1057,A_LACTOBAC,AMLS,1.0,,lactobacillus,1.0
1058,SLIQ,ACIP,0.0,fluoroquinolones,serratia,9.0
1059,SLIQ,ATRI,0.333333333333,,serratia,9.0
1060,SLIQ,ANIT,1.0,,serratia,9.0
1061,SLIQ,AAUG,0.444444444444,,serratia,9.0
1062,SLIQ,ACELX,1.0,cephalosporins,serratia,9.0
1063,SLIQ,AGEN,0.0,aminoglycosides,serratia,9.0
1065,SLIQ,ATAZ,0.0,,serratia,9.0
1066,SLIQ,AMER,0.0,meropenems,serratia,9.0
1067,SLIQ,ACAZ,0.0,cephalosporins,serratia,9.0
1068,SLIQ,ACTX,0.0,cephalosporins,serratia,9.0
1069,SLIQ,ACXT,0.444444444444,cephalosporins,serratia,9.0
1070,SLIQ,AAMI,0.0,aminoglycosides,serratia,9.0
1071,SLIQ,AMEC,0.222222222222,penicillins,serratia,9.0
1072,SLIQ,ATEM,0.0,penicillins,serratia,9.0
1073,SLIQ,AERT,0.0,meropenems,serratia,9.0
1074,SLIQ,ACOL,0.166666666667,polypeptides,serratia,6.0
1075,SLIQ,AESBL,1.0,,serratia,5.0
1076,SLIQ,AAMPC,0.4,,serratia,5.0
1077,SLIQ,ATOB,0.0,aminoglycosides,serratia,2.0
1078,EASB,ACIP,0.0,fluoroquinolones,enterobacter,7.0
1079,EASB,ATRI,0.0,,enterobacter,7.0
1080,EASB,ANIT,0.571428571429,,enterobacter,7.0
1081,EASB,AAUG,0.714285714286,,enterobacter,7.0
1082,EASB,ACELX,0.571428571429,cephalosporins,enterobacter,7.0
1083,EASB,AGEN,0.0,aminoglycosides,enterobacter,7.0
1085,EASB,ATAZ,0.0,,enterobacter,5.0
1086,EASB,AMER,0.0,meropenems,enterobacter,5.0
1087,EASB,ACAZ,0.0,cephalosporins,enterobacter,5.0
1088,EASB,ACTX,0.0,cephalosporins,enterobacter,5.0
1089,EASB,ACXT,1.0,cephalosporins,enterobacter,5.0
1090,EASB,AAMI,0.0,aminoglycosides,enterobacter,5.0
1091,EASB,AMEC,0.0,penicillins,enterobacter,5.0
1092,EASB,ATEM,0.0,penicillins,enterobacter,5.0
1093,EASB,AERT,0.0,meropenems,enterobacter,5.0
1094,EASB,ACOL,0.0,polypeptides,enterobacter,4.0
1095,EASB,AESBL,1.0,,enterobacter,3.0
1096,EASB,AAMPC,0.0,,enterobacter,5.0
1097,NGON,ACIP,0.571428571429,fluoroquinolones,neisseria,7.0
1098,NGON,ATET,0.333333333333,tetracyclines,neisseria,3.0
1099,NGON,ANAL,0.4,fluoroquinolones,neisseria,5.0
1100,NGON,ASPE,0.0,aminoglycosides,neisseria,4.0
1101,NGON,ACIX,0.0,cephalosporins,neisseria,3.0
1102,NGON,ACONE,0.0,cephalosporins,neisseria,3.0
1103,NGON,AAZI,0.0,macrolides,neisseria,3.0
1104,NLF,ACIP,0.142857142857,fluoroquinolones,coliform,7.0
1105,NLF,ATRI,0.166666666667,,coliform,6.0
1106,NLF,ANIT,0.333333333333,,coliform,6.0
1107,NLF,AAUG,0.166666666667,,coliform,6.0
1108,NLF,ACELX,0.166666666667,cephalosporins,coliform,6.0
1109,NLF,AGEN,0.166666666667,aminoglycosides,coliform,6.0
1111,NLF,A_CEFPODOX,0.0,cephalosporins,coliform,1.0
1112,NLF,ATAZ,0.0,,coliform,2.0
1113,NLF,AMER,0.5,meropenems,coliform,2.0
1114,NLF,ACAZ,0.5,cephalosporins,coliform,2.0
1115,NLF,ACTX,0.0,cephalosporins,coliform,1.0
1116,NLF,ACXT,0.0,cephalosporins,coliform,1.0
1117,NLF,AAMI,0.5,aminoglycosides,coliform,2.0
1118,NLF,AMEC,0.0,penicillins,coliform,1.0
1119,NLF,ATEM,0.0,penicillins,coliform,1.0
1120,NLF,AERT,0.0,meropenems,coliform,1.0
1121,NLF,ACOL,0.5,polypeptides,coliform,2.0
1122,NLF,AESBL,1.0,,coliform,1.0
1123,NLF,AIMP,1.0,meropenems,coliform,1.0
1124,NLF,ATOB,1.0,aminoglycosides,coliform,1.0
1125,NLF,AAZT,1.0,monobactams,coliform,1.0
1126,STREP,ACIP,0.714285714286,fluoroquinolones,streptococcus,7.0
1127,STREP,ATRI,0.529411764706,,streptococcus,17.0
1128,STREP,ANIT,0.0625,,streptococcus,16.0
1129,STREP,AAUG,0.0,,streptococcus,7.0
1130,STREP,ACELX,0.1,cephalosporins,streptococcus,10.0
1131,STREP,AGEN,0.0,aminoglycosides,streptococcus,6.0
1133,STREP,AAMO,0.0,aminopenicillins,streptococcus,7.0
1134,STREP,AVAN,0.0,glycopeptide,streptococcus,8.0
1135,STREP,ATEI,0.0,glycopeptide,streptococcus,5.0
1136,STREP,APEN,0.0,penicillins,streptococcus,10.0
1137,STREP,AERY,0.222222222222,macrolides,streptococcus,9.0
1138,STREP,ACLI,0.25,macrolides,streptococcus,8.0
1139,STREP,ATET,0.8,tetracyclines,streptococcus,5.0
1140,AFAE,ACIP,1.0,fluoroquinolones,alcaligenes,6.0
1141,AFAE,ATRI,1.0,,alcaligenes,5.0
1142,AFAE,ANIT,0.8,,alcaligenes,5.0
1143,AFAE,AAUG,0.0,,alcaligenes,5.0
1144,AFAE,ACELX,0.0,cephalosporins,alcaligenes,5.0
1145,AFAE,AGEN,0.0,aminoglycosides,alcaligenes,6.0
1147,AFAE,ATAZ,0.0,,alcaligenes,6.0
1148,AFAE,AMER,0.0,meropenems,alcaligenes,6.0
1149,AFAE,ACAZ,0.333333333333,cephalosporins,alcaligenes,6.0
1150,AFAE,ACTX,1.0,cephalosporins,alcaligenes,2.0
1151,AFAE,ACXT,0.0,cephalosporins,alcaligenes,2.0
1152,AFAE,AAMI,0.0,aminoglycosides,alcaligenes,6.0
1153,AFAE,AMEC,1.0,penicillins,alcaligenes,2.0
1154,AFAE,ATEM,1.0,penicillins,alcaligenes,2.0
1155,AFAE,AERT,0.0,meropenems,alcaligenes,2.0
1156,AFAE,ACOL,0.0,polypeptides,alcaligenes,2.0
1157,AFAE,AIMP,0.0,meropenems,alcaligenes,2.0
1158,AFAE,ATOB,0.0,aminoglycosides,alcaligenes,2.0
1159,AFAE,AAZT,1.0,monobactams,alcaligenes,2.0
1160,BCEP,ACIP,0.666666666667,fluoroquinolones,burkholderia,6.0
1161,BCEP,ATRI,0.666666666667,,burkholderia,6.0
1162,BCEP,ANIT,1.0,,burkholderia,6.0
1163,BCEP,AAUG,1.0,,burkholderia,6.0
1164,BCEP,ACELX,1.0,cephalosporins,burkholderia,6.0
1165,BCEP,AGEN,0.666666666667,aminoglycosides,burkholderia,6.0
1167,BCEP,ATAZ,0.0,,burkholderia,5.0
1168,BCEP,AMER,0.0,meropenems,burkholderia,5.0
1169,BCEP,ACAZ,0.0,cephalosporins,burkholderia,5.0
1170,BCEP,ACTX,1.0,cephalosporins,burkholderia,1.0
1171,BCEP,ACXT,1.0,cephalosporins,burkholderia,1.0
1172,BCEP,AAMI,0.6,aminoglycosides,burkholderia,5.0
1173,BCEP,AMEC,1.0,penicillins,burkholderia,1.0
1174,BCEP,ATEM,0.0,penicillins,burkholderia,1.0
1175,BCEP,AERT,1.0,meropenems,burkholderia,1.0
1176,BCEP,ACOL,1.0,polypeptides,burkholderia,4.0
1177,BCEP,AIMP,0.666666666667,meropenems,burkholderia,3.0
1178,BCEP,ATOB,1.0,aminoglycosides,burkholderia,3.0
1179,BCEP,AAZT,0.666666666667,monobactams,burkholderia,3.0
1180,SMIL,ACIP,0.333333333333,fluoroquinolones,streptococcus,6.0
1181,SMIL,ATRI,0.0833333333333,,streptococcus,12.0
1182,SMIL,ANIT,0.166666666667,,streptococcus,12.0
1183,SMIL,AAUG,0.0,,streptococcus,5.0
1184,SMIL,ACELX,0.0,cephalosporins,streptococcus,6.0
1185,SMIL,AGEN,0.0,aminoglycosides,streptococcus,6.0
1187,SMIL,AAMO,0.0,aminopenicillins,streptococcus,8.0
1188,SMIL,AVAN,0.0,glycopeptide,streptococcus,4.0
1189,SMIL,ATEI,,glycopeptide,streptococcus,1.0
1190,SMIL,APEN,0.0,penicillins,streptococcus,7.0
1191,SMIL,AERY,0.166666666667,macrolides,streptococcus,7.0
1192,SMIL,ACLI,0.166666666667,macrolides,streptococcus,7.0
1193,SMIL,ATET,0.166666666667,tetracyclines,streptococcus,7.0
1194,SMIL,AMLS,0.5,,streptococcus,2.0
1195,AXYL,ACIP,1.0,fluoroquinolones,achromobacter,5.0
1196,AXYL,ATRI,1.0,,achromobacter,4.0
1197,AXYL,ANIT,1.0,,achromobacter,4.0
1198,AXYL,AAUG,0.0,,achromobacter,4.0
1199,AXYL,ACELX,1.0,cephalosporins,achromobacter,4.0
1200,AXYL,AGEN,1.0,aminoglycosides,achromobacter,5.0
1202,AXYL,ATAZ,0.0,,achromobacter,5.0
1203,AXYL,AMER,0.0,meropenems,achromobacter,5.0
1204,AXYL,ACAZ,0.2,cephalosporins,achromobacter,5.0
1205,AXYL,ACTX,1.0,cephalosporins,achromobacter,3.0
1206,AXYL,ACXT,1.0,cephalosporins,achromobacter,3.0
1207,AXYL,AAMI,1.0,aminoglycosides,achromobacter,5.0
1208,AXYL,AMEC,1.0,penicillins,achromobacter,4.0
1209,AXYL,ATEM,1.0,penicillins,achromobacter,4.0
1210,AXYL,AERT,0.0,meropenems,achromobacter,4.0
1211,AXYL,ACOL,0.0,polypeptides,achromobacter,4.0
1212,AXYL,AESBL,0.0,,achromobacter,1.0
1213,AXYL,AAMPC,0.0,,achromobacter,1.0
1214,AXYL,AIMP,0.0,meropenems,achromobacter,1.0
1215,AXYL,ATOB,1.0,aminoglycosides,achromobacter,2.0
1216,AXYL,AAZT,1.0,monobactams,achromobacter,1.0
1217,AEROM,ACIP,0.0,fluoroquinolones,aeromonas,5.0
1218,AEROM,ATRI,0.0,,aeromonas,5.0
1219,AEROM,ANIT,0.0,,aeromonas,5.0
1220,AEROM,AAUG,0.8,,aeromonas,5.0
1221,AEROM,ACELX,1.0,cephalosporins,aeromonas,5.0
1222,AEROM,AGEN,0.0,aminoglycosides,aeromonas,5.0
1224,AEROM,ATAZ,0.0,,aeromonas,4.0
1225,AEROM,AMER,0.0,meropenems,aeromonas,5.0
1226,AEROM,ACAZ,0.0,cephalosporins,aeromonas,5.0
1227,AEROM,ACTX,0.0,cephalosporins,aeromonas,5.0
1228,AEROM,ACXT,0.6,cephalosporins,aeromonas,5.0
1229,AEROM,AAMI,0.0,aminoglycosides,aeromonas,5.0
1230,AEROM,AMEC,0.0,penicillins,aeromonas,5.0
1231,AEROM,ATEM,0.0,penicillins,aeromonas,5.0
1232,AEROM,AERT,0.2,meropenems,aeromonas,5.0
1233,AEROM,ACOL,0.0,polypeptides,aeromonas,3.0
1234,AEROM,AESBL,1.0,,aeromonas,4.0
1235,AEROM,AAMPC,0.0,,aeromonas,2.0
1236,CBRA,ACIP,0.0,fluoroquinolones,citrobacter,5.0
1237,CBRA,ATRI,0.0,,citrobacter,5.0
1238,CBRA,ANIT,0.0,,citrobacter,5.0
1239,CBRA,AAUG,0.8,,citrobacter,5.0
1240,CBRA,ACELX,0.6,cephalosporins,citrobacter,5.0
1241,CBRA,AGEN,0.0,aminoglycosides,citrobacter,5.0
1243,CBRA,ATAZ,0.0,,citrobacter,4.0
1244,CBRA,AMER,0.0,meropenems,citrobacter,4.0
1245,CBRA,ACAZ,0.0,cephalosporins,citrobacter,4.0
1246,CBRA,ACTX,0.0,cephalosporins,citrobacter,4.0
1247,CBRA,ACXT,1.0,cephalosporins,citrobacter,4.0
1248,CBRA,AAMI,0.0,aminoglycosides,citrobacter,4.0
1249,CBRA,AMEC,0.0,penicillins,citrobacter,4.0
1250,CBRA,ATEM,0.25,penicillins,citrobacter,4.0
1251,CBRA,AERT,0.0,meropenems,citrobacter,4.0
1252,CBRA,ACOL,0.0,polypeptides,citrobacter,4.0
1253,CBRA,AESBL,1.0,,citrobacter,2.0
1254,CBRA,AAMPC,0.0,,citrobacter,3.0
1255,CSTR,ACIP,0.2,fluoroquinolones,corynebacterium,5.0
1256,CSTR,ATRI,0.5,,corynebacterium,6.0
1257,CSTR,ANIT,1.0,,corynebacterium,4.0
1258,CSTR,AAUG,0.0,,corynebacterium,4.0
1259,CSTR,ACELX,0.0,cephalosporins,corynebacterium,3.0
1260,CSTR,AGEN,0.166666666667,aminoglycosides,corynebacterium,6.0
1262,CSTR,AMET,0.25,penicillins,corynebacterium,4.0
1263,CSTR,APEN,0.75,penicillins,corynebacterium,4.0
1264,CSTR,AERY,0.5,macrolides,corynebacterium,4.0
1265,CSTR,ACLI,0.5,macrolides,corynebacterium,4.0
1266,CSTR,ATET,0.25,tetracyclines,corynebacterium,4.0
1267,CSTR,AFUS,0.25,,corynebacterium,4.0
1268,CSTR,ARIF,0.0,,corynebacterium,3.0
1269,CSTR,AMUP,0.666666666667,,corynebacterium,3.0
1270,EFAS,ACIP,0.5,fluoroquinolones,enterococcus,4.0
1271,EFAS,ATRI,0.209302325581,,enterococcus,172.0
1272,EFAS,ANIT,0.0337078651685,,enterococcus,178.0
1273,EFAS,AAUG,0.0,,enterococcus,4.0
1274,EFAS,ACELX,0.4,cephalosporins,enterococcus,5.0
1275,EFAS,AGEN,0.375,aminoglycosides,enterococcus,16.0
1277,EFAS,AAMO,0.00571428571429,aminopenicillins,enterococcus,175.0
1278,EFAS,AVAN,0.0350877192982,glycopeptide,enterococcus,171.0
1279,EFAS,ATAZ,0.0,,enterococcus,2.0
1280,EFAS,AMER,0.5,meropenems,enterococcus,2.0
1281,EFAS,ACAZ,0.5,cephalosporins,enterococcus,2.0
1282,EFAS,ACTX,0.5,cephalosporins,enterococcus,2.0
1283,EFAS,ACXT,0.5,cephalosporins,enterococcus,2.0
1284,EFAS,AAMI,0.5,aminoglycosides,enterococcus,2.0
1285,EFAS,AMEC,0.5,penicillins,enterococcus,2.0
1286,EFAS,ATEM,0.5,penicillins,enterococcus,2.0
1287,EFAS,AERT,0.5,meropenems,enterococcus,2.0
1288,EFAS,ATEI,0.222222222222,glycopeptide,enterococcus,18.0
1289,EFAS,ACOL,0.5,polypeptides,enterococcus,2.0
1290,EFAS,AESBL,1.0,,enterococcus,1.0
1291,EFAS,ALIN,0.0,oxazolidinones,enterococcus,16.0
1292,EFAS,AAMPC,1.0,,enterococcus,1.0
1293,EFAS,ATET,1.0,tetracyclines,enterococcus,6.0
1294,EFAS,ATIG,0.0,tetracyclines,enterococcus,3.0
1295,EFAS,ADAP,,,enterococcus,1.0
1296,BCER,ACIP,0.0,fluoroquinolones,bacillus,4.0
1297,BCER,ATRI,1.0,,bacillus,2.0
1298,BCER,AGEN,0.0,aminoglycosides,bacillus,4.0
1300,BCER,AMET,1.0,penicillins,bacillus,4.0
1301,BCER,APEN,1.0,penicillins,bacillus,4.0
1302,BCER,AERY,0.0,macrolides,bacillus,4.0
1303,BCER,ACLI,0.0,macrolides,bacillus,4.0
1304,BCER,ATET,0.75,tetracyclines,bacillus,4.0
1305,BCER,AFUS,1.0,,bacillus,4.0
1306,BCER,ARIF,1.0,,bacillus,2.0
1307,BCER,AMUP,0.5,,bacillus,2.0
1308,SMIT,ACIP,1.0,fluoroquinolones,streptococcus,4.0
1309,SMIT,ATRI,0.666666666667,,streptococcus,6.0
1310,SMIT,ANIT,0.0,,streptococcus,8.0
1311,SMIT,AAUG,0.0,,streptococcus,4.0
1312,SMIT,ACELX,0.2,cephalosporins,streptococcus,5.0
1313,SMIT,AGEN,0.0,aminoglycosides,streptococcus,2.0
1315,SMIT,AAMO,0.0,aminopenicillins,streptococcus,3.0
1316,SMIT,AVAN,0.0,glycopeptide,streptococcus,8.0
1317,SMIT,ATEI,0.0,glycopeptide,streptococcus,4.0
1318,SMIT,APEN,0.0,penicillins,streptococcus,7.0
1319,SMIT,AERY,0.428571428571,macrolides,streptococcus,7.0
1320,SMIT,ACLI,0.0,macrolides,streptococcus,6.0
1321,SMIT,ATET,0.2,tetracyclines,streptococcus,5.0
1322,SMIT,AMLS,1.0,,streptococcus,1.0
1323,BACIL,ACIP,0.0,fluoroquinolones,bacillus,4.0
1324,BACIL,ATRI,1.0,,bacillus,4.0
1325,BACIL,ANIT,0.0,,bacillus,3.0
1326,BACIL,AAUG,0.0,,bacillus,1.0
1327,BACIL,ACELX,0.0,cephalosporins,bacillus,2.0
1328,BACIL,AGEN,0.0,aminoglycosides,bacillus,3.0
1330,BACIL,AAMO,0.0,aminopenicillins,bacillus,2.0
1331,BACIL,AMET,1.0,penicillins,bacillus,1.0
1332,BACIL,APEN,1.0,penicillins,bacillus,4.0
1333,BACIL,AERY,0.5,macrolides,bacillus,4.0
1334,BACIL,ACLI,0.25,macrolides,bacillus,4.0
1335,BACIL,ATET,0.0,tetracyclines,bacillus,4.0
1336,BACIL,AFUS,1.0,,bacillus,1.0
1337,DIPHT,ACIP,0.5,fluoroquinolones,,4.0
1338,DIPHT,ATRI,0.5,,,4.0
1339,DIPHT,AAUG,0.0,,,2.0
1340,DIPHT,ACELX,0.0,cephalosporins,,2.0
1341,DIPHT,AGEN,0.0,aminoglycosides,,4.0
1343,DIPHT,AMET,0.0,penicillins,,4.0
1344,DIPHT,APEN,0.5,penicillins,,4.0
1345,DIPHT,AERY,1.0,macrolides,,2.0
1346,DIPHT,ACLI,0.5,macrolides,,2.0
1347,DIPHT,ATET,0.5,tetracyclines,,2.0
1348,DIPHT,AFUS,0.0,,,2.0
1349,DIPHT,ARIF,0.0,,,2.0
1350,DIPHT,AMUP,1.0,,,2.0
1351,SAGA,ACIP,0.25,fluoroquinolones,streptococcus,4.0
1352,SAGA,ATRI,0.125,,streptococcus,8.0
1353,SAGA,ANIT,0.0,,streptococcus,10.0
1354,SAGA,AAUG,0.0,,streptococcus,4.0
1355,SAGA,ACELX,0.0,cephalosporins,streptococcus,4.0
1356,SAGA,AGEN,0.5,aminoglycosides,streptococcus,4.0
1358,SAGA,AAMO,0.0,aminopenicillins,streptococcus,6.0
1359,SAGA,AVAN,0.0,glycopeptide,streptococcus,7.0
1360,SAGA,APEN,0.0,penicillins,streptococcus,3.0
1361,SAGA,AERY,0.0,macrolides,streptococcus,3.0
1362,SAGA,ACLI,0.0,macrolides,streptococcus,3.0
1363,SAGA,ATET,1.0,tetracyclines,streptococcus,3.0
1364,SAGA,AMLS,1.0,,streptococcus,1.0
1365,ACHRO,ACIP,1.0,fluoroquinolones,achromobacter,3.0
1366,ACHRO,ATRI,1.0,,achromobacter,2.0
1367,ACHRO,ANIT,1.0,,achromobacter,2.0
1368,ACHRO,AAUG,0.0,,achromobacter,2.0
1369,ACHRO,ACELX,1.0,cephalosporins,achromobacter,2.0
1370,ACHRO,AGEN,1.0,aminoglycosides,achromobacter,3.0
1372,ACHRO,ATAZ,0.0,,achromobacter,3.0
1373,ACHRO,AMER,0.0,meropenems,achromobacter,3.0
1374,ACHRO,ACAZ,0.0,cephalosporins,achromobacter,3.0
1375,ACHRO,ACTX,1.0,cephalosporins,achromobacter,2.0
1376,ACHRO,ACXT,1.0,cephalosporins,achromobacter,2.0
1377,ACHRO,AAMI,1.0,aminoglycosides,achromobacter,3.0
1378,ACHRO,AMEC,1.0,penicillins,achromobacter,2.0
1379,ACHRO,ATEM,1.0,penicillins,achromobacter,2.0
1380,ACHRO,AERT,0.0,meropenems,achromobacter,2.0
1381,ACHRO,ACOL,0.0,polypeptides,achromobacter,1.0
1382,ACHRO,AESBL,1.0,,achromobacter,1.0
1383,AHYD,ACIP,0.0,fluoroquinolones,aeromonas,3.0
1384,AHYD,ATRI,0.666666666667,,aeromonas,3.0
1385,AHYD,ANIT,0.0,,aeromonas,3.0
1386,AHYD,AAUG,1.0,,aeromonas,3.0
1387,AHYD,ACELX,1.0,cephalosporins,aeromonas,3.0
1388,AHYD,AGEN,0.0,aminoglycosides,aeromonas,3.0
1390,AHYD,ATAZ,0.0,,aeromonas,2.0
1391,AHYD,AMER,0.0,meropenems,aeromonas,2.0
1392,AHYD,ACAZ,0.0,cephalosporins,aeromonas,2.0
1393,AHYD,ACTX,0.0,cephalosporins,aeromonas,2.0
1394,AHYD,ACXT,1.0,cephalosporins,aeromonas,2.0
1395,AHYD,AAMI,0.0,aminoglycosides,aeromonas,2.0
1396,AHYD,AMEC,0.0,penicillins,aeromonas,2.0
1397,AHYD,ATEM,0.0,penicillins,aeromonas,2.0
1398,AHYD,AERT,1.0,meropenems,aeromonas,2.0
1399,AHYD,ACOL,0.0,polypeptides,aeromonas,1.0
1400,AHYD,AESBL,1.0,,aeromonas,2.0
1401,AHYD,AAMPC,0.0,,aeromonas,2.0
1402,SALMO,ACIP,0.0,fluoroquinolones,salmonella,3.0
1403,SALMO,ATRI,0.0,,salmonella,3.0
1404,SALMO,ANIT,0.0,,salmonella,3.0
1405,SALMO,AAUG,0.0,,salmonella,3.0
1406,SALMO,ACELX,0.0,cephalosporins,salmonella,3.0
1407,SALMO,AGEN,0.0,aminoglycosides,salmonella,3.0
1409,SALMO,AAMO,0.0,aminopenicillins,salmonella,2.0
1410,SALMO,ACHL,0.0,,salmonella,2.0
1411,SALMO,ANAL,0.0,fluoroquinolones,salmonella,2.0
1412,SALMO,ACONE,0.0,cephalosporins,salmonella,1.0
1413,A_HAFNIA S,ACIP,0.0,fluoroquinolones,hafnia,3.0
1414,A_HAFNIA S,ATRI,0.333333333333,,hafnia,3.0
1415,A_HAFNIA S,ANIT,0.0,,hafnia,3.0
1416,A_HAFNIA S,AAUG,0.333333333333,,hafnia,3.0
1417,A_HAFNIA S,ACELX,1.0,cephalosporins,hafnia,3.0
1418,A_HAFNIA S,AGEN,0.0,aminoglycosides,hafnia,1.0
1420,A_HAFNIA S,A_CEFPODOX,0.666666666667,cephalosporins,hafnia,3.0
1421,A_HAFNIA S,ATAZ,1.0,,hafnia,1.0
1422,A_HAFNIA S,AMER,0.0,meropenems,hafnia,1.0
1423,A_HAFNIA S,ACAZ,1.0,cephalosporins,hafnia,1.0
1424,A_HAFNIA S,ACTX,1.0,cephalosporins,hafnia,1.0
1425,A_HAFNIA S,ACXT,0.0,cephalosporins,hafnia,1.0
1426,A_HAFNIA S,AAMI,0.0,aminoglycosides,hafnia,1.0
1427,A_HAFNIA S,AMEC,0.0,penicillins,hafnia,1.0
1428,A_HAFNIA S,ACOL,0.0,polypeptides,hafnia,1.0
1429,A_HAFNIA S,AESBL,0.0,,hafnia,1.0
1430,A_HAFNIA S,AAMPC,1.0,,hafnia,1.0
1431,A_HAFNIA S,AIMP,0.0,meropenems,hafnia,1.0
1432,A_HAFNIA S,ACXM,1.0,cephalosporins,hafnia,1.0
1433,A_HAFNIA S,ATOB,0.0,aminoglycosides,hafnia,1.0
1434,DACI,ACIP,0.0,fluoroquinolones,delftia,2.0
1435,DACI,ATRI,1.0,,delftia,1.0
1436,DACI,ANIT,1.0,,delftia,1.0
1437,DACI,AAUG,0.0,,delftia,1.0
1438,DACI,ACELX,0.0,cephalosporins,delftia,1.0
1439,DACI,AGEN,1.0,aminoglycosides,delftia,2.0
1441,DACI,ATAZ,0.0,,delftia,2.0
1442,DACI,AMER,0.0,meropenems,delftia,2.0
1443,DACI,ACAZ,0.0,cephalosporins,delftia,2.0
1444,DACI,ACTX,0.0,cephalosporins,delftia,1.0
1445,DACI,ACXT,0.0,cephalosporins,delftia,1.0
1446,DACI,AAMI,1.0,aminoglycosides,delftia,2.0
1447,DACI,AMEC,1.0,penicillins,delftia,1.0
1448,DACI,ATEM,0.0,penicillins,delftia,1.0
1449,DACI,AERT,0.0,meropenems,delftia,1.0
1450,DACI,ACOL,1.0,polypeptides,delftia,1.0
1451,DACI,AESBL,1.0,,delftia,1.0
1452,DACI,AAMPC,1.0,,delftia,1.0
1453,A_SVIRIDANS,ACIP,0.5,fluoroquinolones,streptococcus,2.0
1454,A_SVIRIDANS,ATRI,0.25,,streptococcus,4.0
1455,A_SVIRIDANS,ANIT,0.0,,streptococcus,4.0
1456,A_SVIRIDANS,AAUG,0.0,,streptococcus,2.0
1457,A_SVIRIDANS,ACELX,0.0,cephalosporins,streptococcus,2.0
1458,A_SVIRIDANS,AGEN,0.5,aminoglycosides,streptococcus,2.0
1460,A_SVIRIDANS,AAMO,0.0,aminopenicillins,streptococcus,3.0
1461,A_SVIRIDANS,AVAN,0.0,glycopeptide,streptococcus,2.0
1462,A_SVIRIDANS,APEN,0.0,penicillins,streptococcus,1.0
1463,A_SVIRIDANS,AERY,1.0,macrolides,streptococcus,1.0
1464,A_SVIRIDANS,ACLI,0.0,macrolides,streptococcus,1.0
1465,A_SVIRIDANS,ATET,1.0,tetracyclines,streptococcus,1.0
1466,A_SODORIFER,ACIP,0.0,fluoroquinolones,serratia,2.0
1467,A_SODORIFER,ATRI,0.0,,serratia,2.0
1468,A_SODORIFER,ANIT,1.0,,serratia,2.0
1469,A_SODORIFER,AAUG,1.0,,serratia,2.0
1470,A_SODORIFER,ACELX,1.0,cephalosporins,serratia,2.0
1471,A_SODORIFER,AGEN,0.0,aminoglycosides,serratia,2.0
1473,A_SODORIFER,ATAZ,0.0,,serratia,2.0
1474,A_SODORIFER,AMER,0.0,meropenems,serratia,2.0
1475,A_SODORIFER,ACAZ,0.0,cephalosporins,serratia,2.0
1476,A_SODORIFER,ACTX,0.0,cephalosporins,serratia,2.0
1477,A_SODORIFER,ACXT,0.0,cephalosporins,serratia,2.0
1478,A_SODORIFER,AAMI,0.0,aminoglycosides,serratia,2.0
1479,A_SODORIFER,AMEC,0.0,penicillins,serratia,2.0
1480,A_SODORIFER,ATEM,1.0,penicillins,serratia,2.0
1481,A_SODORIFER,AERT,0.0,meropenems,serratia,2.0
1482,A_SODORIFER,ACOL,0.0,polypeptides,serratia,2.0
1483,A_SODORIFER,AESBL,1.0,,serratia,2.0
1484,A_SODORIFER,AAMPC,1.0,,serratia,2.0
1485,A_SBOVIS,ACIP,1.0,fluoroquinolones,streptococcus,2.0
1486,A_SBOVIS,ATRI,0.857142857143,,streptococcus,7.0
1487,A_SBOVIS,ANIT,0.0,,streptococcus,8.0
1488,A_SBOVIS,AAUG,0.0,,streptococcus,2.0
1489,A_SBOVIS,ACELX,0.0,cephalosporins,streptococcus,4.0
1490,A_SBOVIS,AAMO,0.0,aminopenicillins,streptococcus,6.0
1491,A_SBOVIS,AVAN,0.0,glycopeptide,streptococcus,5.0
1492,A_SBOVIS,ATEI,0.0,glycopeptide,streptococcus,1.0
1493,A_SBOVIS,APEN,0.0,penicillins,streptococcus,1.0
1494,A_SBOVIS,AERY,1.0,macrolides,streptococcus,1.0
1495,A_SBOVIS,ACLI,0.0,macrolides,streptococcus,1.0
1496,A_SBOVIS,ATET,0.0,tetracyclines,streptococcus,1.0
1497,PSTU,ACIP,0.5,fluoroquinolones,pseudomonas,2.0
1498,PSTU,AGEN,0.0,aminoglycosides,pseudomonas,2.0
1500,PSTU,ATAZ,0.0,,pseudomonas,2.0
1501,PSTU,AMER,0.0,meropenems,pseudomonas,2.0
1502,PSTU,ACAZ,0.0,cephalosporins,pseudomonas,2.0
1503,PSTU,AAMI,0.0,aminoglycosides,pseudomonas,2.0
1504,PSTU,ACOL,0.0,polypeptides,pseudomonas,1.0
1505,PSTU,AIMP,0.0,meropenems,pseudomonas,1.0
1506,PSTU,ATOB,0.0,aminoglycosides,pseudomonas,1.0
1507,PSTU,AAZT,0.0,monobactams,pseudomonas,1.0
1508,CAMA,ACIP,0.5,fluoroquinolones,citrobacter,2.0
1509,CAMA,ATRI,0.5,,citrobacter,2.0
1510,CAMA,ANIT,0.0,,citrobacter,2.0
1511,CAMA,AAUG,0.5,,citrobacter,2.0
1512,CAMA,ACELX,0.5,cephalosporins,citrobacter,2.0
1513,CAMA,AGEN,0.5,aminoglycosides,citrobacter,2.0
1515,CAMA,ATAZ,1.0,,citrobacter,1.0
1516,CAMA,AMER,0.0,meropenems,citrobacter,1.0
1517,CAMA,ACAZ,1.0,cephalosporins,citrobacter,1.0
1518,CAMA,ACTX,1.0,cephalosporins,citrobacter,1.0
1519,CAMA,ACXT,1.0,cephalosporins,citrobacter,1.0
1520,CAMA,AAMI,0.0,aminoglycosides,citrobacter,1.0
1521,CAMA,AMEC,0.0,penicillins,citrobacter,1.0
1522,CAMA,ATEM,0.0,penicillins,citrobacter,1.0
1523,CAMA,AERT,0.0,meropenems,citrobacter,1.0
1524,CAMA,ACOL,0.0,polypeptides,citrobacter,1.0
1525,CAMA,AESBL,1.0,,citrobacter,1.0
1526,CIND,ACIP,0.0,fluoroquinolones,chryseobacterium,2.0
1527,CIND,ATRI,0.0,,chryseobacterium,2.0
1528,CIND,ANIT,0.0,,chryseobacterium,2.0
1529,CIND,AAUG,0.0,,chryseobacterium,2.0
1530,CIND,ACELX,0.0,cephalosporins,chryseobacterium,2.0
1531,CIND,AGEN,0.0,aminoglycosides,chryseobacterium,2.0
1533,CIND,ATAZ,0.0,,chryseobacterium,2.0
1534,CIND,AMER,0.0,meropenems,chryseobacterium,2.0
1535,CIND,ACAZ,0.0,cephalosporins,chryseobacterium,2.0
1536,CIND,AAMI,0.0,aminoglycosides,chryseobacterium,2.0
1544,BHS,ACIP,0.0,fluoroquinolones,streptococcus,2.0
1545,BHS,ATRI,0.0,,streptococcus,4.0
1546,BHS,ANIT,0.0,,streptococcus,4.0
1547,BHS,ACELX,0.0,cephalosporins,streptococcus,2.0
1548,BHS,AGEN,1.0,aminoglycosides,streptococcus,2.0
1550,BHS,AAMO,0.0,aminopenicillins,streptococcus,4.0
1551,BHS,APEN,0.0,penicillins,streptococcus,2.0
1552,BHS,AERY,0.0,macrolides,streptococcus,2.0
1553,BHS,ACLI,0.0,macrolides,streptococcus,2.0
1554,BHS,ATET,1.0,tetracyclines,streptococcus,2.0
1555,A_ECOLI,ACIP,0.5,fluoroquinolones,escherichia,2.0
1556,A_ECOLI,ATRI,0.5,,escherichia,2.0
1557,A_ECOLI,ANIT,1.0,,escherichia,2.0
1558,A_ECOLI,AAUG,1.0,,escherichia,2.0
1559,A_ECOLI,ACELX,1.0,cephalosporins,escherichia,2.0
1560,A_ECOLI,AGEN,0.0,aminoglycosides,escherichia,2.0
1562,A_ECOLI,A_CEFPODOX,1.0,cephalosporins,escherichia,2.0
1563,A_ECOLI,ATAZ,1.0,,escherichia,2.0
1564,A_ECOLI,AMER,0.0,meropenems,escherichia,2.0
1565,A_ECOLI,ACAZ,1.0,cephalosporins,escherichia,2.0
1566,A_ECOLI,ACTX,1.0,cephalosporins,escherichia,2.0
1567,A_ECOLI,ACXT,1.0,cephalosporins,escherichia,2.0
1568,A_ECOLI,AAMI,0.0,aminoglycosides,escherichia,2.0
1569,A_ECOLI,ATEM,0.0,penicillins,escherichia,2.0
1570,A_ECOLI,AERT,0.0,meropenems,escherichia,1.0
1571,A_ECOLI,ACOL,0.0,polypeptides,escherichia,2.0
1572,A_ECOLI,AIMP,0.0,meropenems,escherichia,2.0
1573,A_ECOLI,ACXM,1.0,cephalosporins,escherichia,2.0
1574,AERU,ACIP,0.5,fluoroquinolones,aerococcus,2.0
1575,AERU,ATRI,1.0,,aerococcus,3.0
1576,AERU,ANIT,0.0,,aerococcus,3.0
1577,AERU,ACELX,0.0,cephalosporins,aerococcus,3.0
1578,AERU,AGEN,0.333333333333,aminoglycosides,aerococcus,3.0
1580,AERU,AAMO,0.0,aminopenicillins,aerococcus,3.0
1581,AERU,APEN,0.0,penicillins,aerococcus,1.0
1582,AERU,AERY,0.0,macrolides,aerococcus,1.0
1583,AERU,ACLI,0.0,macrolides,aerococcus,1.0
1584,AERU,ATET,0.0,tetracyclines,aerococcus,1.0
1585,HINF,ACIP,0.0,fluoroquinolones,haemophilus,2.0
1586,HINF,AAUG,0.0,,haemophilus,2.0
1587,HINF,AAMO,0.0,aminopenicillins,haemophilus,2.0
1588,HINF,ACTX,0.0,cephalosporins,haemophilus,2.0
1589,HINF,ACXM,0.0,cephalosporins,haemophilus,2.0
1590,HINF,ACLA,1.0,macrolides,haemophilus,2.0
1591,YEAST,ACIP,0.0,fluoroquinolones,,2.0
1592,YEAST,ATRI,0.0,,,2.0
1593,YEAST,ANIT,1.0,,,2.0
1594,YEAST,AAUG,0.0,,,2.0
1595,YEAST,ACELX,0.0,cephalosporins,,2.0
1596,YEAST,AGEN,0.0,aminoglycosides,,2.0
1598,YEAST,ATAZ,0.0,,,1.0
1599,YEAST,AMER,0.0,meropenems,,1.0
1600,YEAST,ACAZ,0.0,cephalosporins,,1.0
1601,YEAST,ACTX,0.0,cephalosporins,,1.0
1602,YEAST,ACXT,0.0,cephalosporins,,1.0
1603,YEAST,AAMI,0.0,aminoglycosides,,1.0
1604,YEAST,AMEC,0.0,penicillins,,1.0
1605,YEAST,ATEM,0.0,penicillins,,1.0
1606,YEAST,AERT,0.0,meropenems,,1.0
1607,YEAST,ACOL,0.0,polypeptides,,1.0
1608,YEAST,AESBL,1.0,,,1.0
1609,YEAST,AMF,,,,3.0
1610,YEAST,AVOR,0.0,,,3.0
1611,YEAST,AITR,0.666666666667,,,3.0
1612,YEAST,AFLUZ,0.0,,,3.0
1613,YEAST,AFLUC,0.0,,,3.0
1614,YEAST,ACAS,0.0,,,3.0
1615,YEAST,AAND,,,,3.0
1616,YEAST,AAMPH,0.0,,,3.0
1617,YEAST,APCZ,,,,3.0
1618,HALV,ACIP,0.0,fluoroquinolones,hafnia,2.0
1619,HALV,ATRI,0.5,,hafnia,2.0
1620,HALV,ANIT,0.0,,hafnia,2.0
1621,HALV,AAUG,1.0,,hafnia,2.0
1622,HALV,ACELX,1.0,cephalosporins,hafnia,2.0
1623,HALV,AGEN,0.0,aminoglycosides,hafnia,2.0
1625,HALV,ATAZ,0.0,,hafnia,2.0
1626,HALV,AMER,0.0,meropenems,hafnia,2.0
1627,HALV,ACAZ,0.0,cephalosporins,hafnia,2.0
1628,HALV,ACTX,0.0,cephalosporins,hafnia,2.0
1629,HALV,ACXT,0.0,cephalosporins,hafnia,2.0
1630,HALV,AAMI,0.0,aminoglycosides,hafnia,2.0
1631,HALV,AMEC,0.0,penicillins,hafnia,1.0
1632,HALV,ATEM,0.0,penicillins,hafnia,1.0
1633,HALV,AERT,0.0,meropenems,hafnia,1.0
1634,HALV,ACOL,0.0,polypeptides,hafnia,1.0
1635,A_PFLUORESC,ACIP,0.0,fluoroquinolones,pseudomonas,2.0
1636,A_PFLUORESC,AGEN,0.0,aminoglycosides,pseudomonas,2.0
1638,A_PFLUORESC,ATAZ,0.0,,pseudomonas,2.0
1639,A_PFLUORESC,AMER,0.5,meropenems,pseudomonas,2.0
1640,A_PFLUORESC,ACAZ,0.0,cephalosporins,pseudomonas,2.0
1641,A_PFLUORESC,AAMI,0.0,aminoglycosides,pseudomonas,2.0
1642,VIRST,ACIP,0.0,fluoroquinolones,streptococcus,2.0
1643,VIRST,ATRI,0.0,,streptococcus,2.0
1644,VIRST,ANIT,0.0,,streptococcus,3.0
1645,VIRST,AAUG,0.0,,streptococcus,1.0
1646,VIRST,ACELX,0.0,cephalosporins,streptococcus,2.0
1647,VIRST,AGEN,0.0,aminoglycosides,streptococcus,2.0
1649,VIRST,AAMO,0.0,aminopenicillins,streptococcus,3.0
1650,VIRST,AVAN,0.0,glycopeptide,streptococcus,1.0
1651,VIRST,ATEI,0.0,glycopeptide,streptococcus,1.0
1652,VIRST,APEN,0.0,penicillins,streptococcus,2.0
1653,VIRST,AERY,1.0,macrolides,streptococcus,1.0
1654,VIRST,ACLI,1.0,macrolides,streptococcus,1.0
1655,VIRST,ATET,1.0,tetracyclines,streptococcus,1.0
1656,VIRST,AMLS,0.0,,streptococcus,1.0
1657,VIRST,AMOX,0.0,fluoroquinolones,streptococcus,1.0
1658,VIRST,ALEV,0.0,fluoroquinolones,streptococcus,1.0
1659,EFAM,ACIP,1.0,fluoroquinolones,enterococcus,2.0
1660,EFAM,ATRI,0.621794871795,,enterococcus,156.0
1661,EFAM,ANIT,0.646341463415,,enterococcus,164.0
1662,EFAM,AAUG,0.5,,enterococcus,2.0
1663,EFAM,ACELX,1.0,cephalosporins,enterococcus,1.0
1664,EFAM,AGEN,0.728260869565,aminoglycosides,enterococcus,92.0
1666,EFAM,AAMO,0.987951807229,aminopenicillins,enterococcus,166.0
1667,EFAM,AVAN,0.3,glycopeptide,enterococcus,172.0
1668,EFAM,ATEI,0.368932038835,glycopeptide,enterococcus,103.0
1669,EFAM,ALIN,0.0192307692308,oxazolidinones,enterococcus,104.0
1670,EFAM,ASYN,,,enterococcus,1.0
1671,EFAM,APEN,1.0,penicillins,enterococcus,1.0
1672,EFAM,AERY,1.0,macrolides,enterococcus,1.0
1673,EFAM,ACLI,1.0,macrolides,enterococcus,1.0
1674,EFAM,ATET,0.692307692308,tetracyclines,enterococcus,91.0
1675,EFAM,ATIG,0.0,tetracyclines,enterococcus,11.0
1676,EFAM,ADAP,1.0,,enterococcus,3.0
1677,A_ARADIORES,ACIP,0.0,fluoroquinolones,acinetobacter,2.0
1678,A_ARADIORES,ATRI,1.0,,acinetobacter,2.0
1679,A_ARADIORES,ANIT,1.0,,acinetobacter,2.0
1680,A_ARADIORES,AAUG,0.0,,acinetobacter,2.0
1681,A_ARADIORES,ACELX,0.0,cephalosporins,acinetobacter,2.0
1682,A_ARADIORES,AGEN,0.0,aminoglycosides,acinetobacter,2.0
1684,A_ARADIORES,AMET,1.0,penicillins,acinetobacter,1.0
1685,A_ARADIORES,APEN,1.0,penicillins,acinetobacter,1.0
1686,A_ARADIORES,AERY,1.0,macrolides,acinetobacter,1.0
1687,A_ARADIORES,ACLI,1.0,macrolides,acinetobacter,1.0
1688,A_ARADIORES,ATET,0.0,tetracyclines,acinetobacter,1.0
1689,A_ARADIORES,AFUS,1.0,,acinetobacter,1.0
1690,HAEMO,ACIP,0.5,fluoroquinolones,haemophilus,2.0
1691,HAEMO,AAUG,0.0,,haemophilus,2.0
1692,HAEMO,AAMO,0.0,aminopenicillins,haemophilus,2.0
1693,HAEMO,ACTX,0.0,cephalosporins,haemophilus,2.0
1694,HAEMO,ACXM,0.0,cephalosporins,haemophilus,2.0
1695,HAEMO,ACLA,1.0,macrolides,haemophilus,2.0
1696,SPYO,ACIP,0.0,fluoroquinolones,streptococcus,1.0
1697,SPYO,ATRI,0.0,,streptococcus,1.0
1698,SPYO,ANIT,0.0,,streptococcus,1.0
1699,SPYO,AAUG,0.0,,streptococcus,1.0
1700,SPYO,ACELX,0.0,cephalosporins,streptococcus,1.0
1701,SPYO,AGEN,0.0,aminoglycosides,streptococcus,1.0
1703,A_RAOULTEL,ACIP,1.0,fluoroquinolones,raoultella,1.0
1704,A_RAOULTEL,ATRI,1.0,,raoultella,1.0
1705,A_RAOULTEL,ANIT,1.0,,raoultella,1.0
1706,A_RAOULTEL,AAUG,0.0,,raoultella,1.0
1707,A_RAOULTEL,ACELX,1.0,cephalosporins,raoultella,1.0
1708,A_RAOULTEL,AGEN,0.0,aminoglycosides,raoultella,1.0
1710,A_RAOULTEL,A_CEFPODOX,0.0,cephalosporins,raoultella,1.0
1711,A_RAOULTEL,ATAZ,0.0,,raoultella,1.0
1712,A_RAOULTEL,AMER,0.0,meropenems,raoultella,1.0
1713,A_RAOULTEL,ACAZ,1.0,cephalosporins,raoultella,1.0
1714,A_RAOULTEL,ACTX,1.0,cephalosporins,raoultella,1.0
1715,A_RAOULTEL,ACXT,1.0,cephalosporins,raoultella,1.0
1716,A_RAOULTEL,AAMI,0.0,aminoglycosides,raoultella,1.0
1717,A_RAOULTEL,AMEC,0.0,penicillins,raoultella,1.0
1718,A_RAOULTEL,ACOL,0.0,polypeptides,raoultella,1.0
1719,A_RAOULTEL,AESBL,1.0,,raoultella,1.0
1720,A_RAOULTEL,AAMPC,0.0,,raoultella,1.0
1721,A_RAOULTEL,AIMP,0.0,meropenems,raoultella,1.0
1722,A_RAOULTEL,ACXM,1.0,cephalosporins,raoultella,1.0
1723,A_RAOULTEL,ATOB,0.0,aminoglycosides,raoultella,1.0
1724,A_LRHAMNOSU,ACIP,1.0,fluoroquinolones,lactobacillus,1.0
1725,A_LRHAMNOSU,ATRI,1.0,,lactobacillus,1.0
1726,A_LRHAMNOSU,ANIT,0.0,,lactobacillus,1.0
1727,A_LRHAMNOSU,ACELX,1.0,cephalosporins,lactobacillus,1.0
1728,A_LRHAMNOSU,AGEN,0.0,aminoglycosides,lactobacillus,1.0
1730,A_LRHAMNOSU,AAMO,0.0,aminopenicillins,lactobacillus,1.0
1731,A_LRHAMNOSU,APEN,0.0,penicillins,lactobacillus,1.0
1732,A_LRHAMNOSU,AERY,0.0,macrolides,lactobacillus,1.0
1733,A_LRHAMNOSU,ACLI,0.0,macrolides,lactobacillus,1.0
1734,A_LRHAMNOSU,ATET,0.0,tetracyclines,lactobacillus,1.0
1735,A_LRHAMNOSU,AMLS,1.0,,lactobacillus,1.0
1736,BHSC,ACIP,0.0,fluoroquinolones,streptococcus,1.0
1737,BHSC,ATRI,0.0,,streptococcus,3.0
1738,BHSC,ANIT,0.0,,streptococcus,2.0
1739,BHSC,AAUG,0.0,,streptococcus,1.0
1740,BHSC,ACELX,0.0,cephalosporins,streptococcus,1.0
1741,BHSC,AAMO,0.0,aminopenicillins,streptococcus,1.0
1742,BHSC,APEN,0.0,penicillins,streptococcus,1.0
1743,BHSC,AERY,0.0,macrolides,streptococcus,1.0
1744,BHSC,ACLI,0.0,macrolides,streptococcus,1.0
1745,BHSC,ATET,0.0,tetracyclines,streptococcus,1.0
1746,SLUG,ACIP,0.0,fluoroquinolones,staphylococcus,1.0
1747,SLUG,ATRI,1.0,,staphylococcus,1.0
1748,SLUG,ANIT,0.0,,staphylococcus,1.0
1749,SLUG,AAUG,0.0,,staphylococcus,1.0
1750,SLUG,AGEN,0.0,aminoglycosides,staphylococcus,1.0
1752,SLUG,AMET,1.0,penicillins,staphylococcus,1.0
1753,SLUG,APEN,0.0,penicillins,staphylococcus,1.0
1754,SLUG,AERY,0.0,macrolides,staphylococcus,1.0
1755,SLUG,ACLI,0.0,macrolides,staphylococcus,1.0
1756,SLUG,ATET,0.0,tetracyclines,staphylococcus,1.0
1757,SLUG,AFUS,0.0,,staphylococcus,1.0
1758,SLUG,ARIF,0.0,,staphylococcus,1.0
1759,SLUG,AMUP,0.0,,staphylococcus,1.0
1760,MICROC,ACIP,1.0,fluoroquinolones,micrococcus,1.0
1761,MICROC,ATRI,1.0,,micrococcus,2.0
1762,MICROC,ANIT,0.0,,micrococcus,2.0
1763,MICROC,AAUG,0.0,,micrococcus,1.0
1764,MICROC,ACELX,0.0,cephalosporins,micrococcus,2.0
1765,MICROC,AGEN,0.0,aminoglycosides,micrococcus,1.0
1767,MICROC,AAMO,0.0,aminopenicillins,micrococcus,1.0
1768,MICROC,AVAN,0.0,glycopeptide,micrococcus,1.0
1769,MICROC,ATEI,0.0,glycopeptide,micrococcus,1.0
1770,MICROC,APEN,0.0,penicillins,micrococcus,1.0
1771,MICROC,AERY,0.0,macrolides,micrococcus,1.0
1772,MICROC,ACLI,0.0,macrolides,micrococcus,1.0
1773,NEISS,ACIP,0.0,fluoroquinolones,neisseria,1.0
1774,NEISS,ATRI,1.0,,neisseria,1.0
1775,NEISS,ANIT,0.0,,neisseria,1.0
1776,NEISS,AAUG,0.0,,neisseria,1.0
1777,NEISS,ACELX,0.0,cephalosporins,neisseria,1.0
1778,NEISS,AGEN,0.0,aminoglycosides,neisseria,1.0
1780,NEISS,A_CEFPODOX,0.0,cephalosporins,neisseria,1.0
1781,NEISS,ATAZ,0.0,,neisseria,1.0
1782,NEISS,ACAZ,0.0,cephalosporins,neisseria,1.0
1783,NEISS,AAMI,0.0,aminoglycosides,neisseria,1.0
1784,NEISS,ACOL,0.0,polypeptides,neisseria,1.0
1785,NEISS,AIMP,0.0,meropenems,neisseria,1.0
1786,MODO,ACIP,1.0,fluoroquinolones,,1.0
1787,MODO,ATRI,1.0,,,1.0
1788,MODO,ANIT,1.0,,,1.0
1789,MODO,AAUG,0.0,,,1.0
1790,MODO,ACELX,1.0,cephalosporins,,1.0
1791,MODO,AGEN,1.0,aminoglycosides,,1.0
1793,MODO,ATAZ,0.0,,,1.0
1794,MODO,ACAZ,1.0,cephalosporins,,1.0
1795,MODO,ACTX,1.0,cephalosporins,,1.0
1796,MODO,ACXT,0.0,cephalosporins,,1.0
1797,MODO,AAMI,1.0,aminoglycosides,,1.0
1798,MODO,AMEC,1.0,penicillins,,1.0
1799,MODO,ATEM,1.0,penicillins,,1.0
1800,MODO,ACOL,1.0,polypeptides,,1.0
1801,A_BSGD,ACIP,1.0,fluoroquinolones,streptococcus,1.0
1802,A_BSGD,ATRI,0.0,,streptococcus,1.0
1803,A_BSGD,ANIT,0.0,,streptococcus,1.0
1804,A_BSGD,AAUG,0.0,,streptococcus,1.0
1805,A_BSGD,AERY,0.0,macrolides,streptococcus,1.0
1806,A_CHRYSEOM,ACIP,0.0,fluoroquinolones,chryseomonas,1.0
1807,A_CHRYSEOM,ATRI,1.0,,chryseomonas,1.0
1808,A_CHRYSEOM,ANIT,1.0,,chryseomonas,1.0
1809,A_CHRYSEOM,AAUG,0.0,,chryseomonas,1.0
1810,A_CHRYSEOM,ACELX,1.0,cephalosporins,chryseomonas,1.0
1811,A_CHRYSEOM,AGEN,0.0,aminoglycosides,chryseomonas,1.0
1813,A_CHRYSEOM,A_CEFPODOX,1.0,cephalosporins,chryseomonas,1.0
1814,A_CHRYSEOM,ATAZ,0.0,,chryseomonas,1.0
1815,A_CHRYSEOM,AMER,0.0,meropenems,chryseomonas,1.0
1816,A_CHRYSEOM,ACAZ,1.0,cephalosporins,chryseomonas,1.0
1817,A_CHRYSEOM,ACTX,0.0,cephalosporins,chryseomonas,1.0
1818,A_CHRYSEOM,ACXT,1.0,cephalosporins,chryseomonas,1.0
1819,A_CHRYSEOM,AAMI,0.0,aminoglycosides,chryseomonas,1.0
1820,A_CHRYSEOM,AMEC,1.0,penicillins,chryseomonas,1.0
1821,A_CHRYSEOM,ACOL,0.0,polypeptides,chryseomonas,1.0
1822,A_CHRYSEOM,AESBL,1.0,,chryseomonas,1.0
1823,A_CHRYSEOM,AIMP,0.0,meropenems,chryseomonas,1.0
1824,A_CHRYSEOM,ACXM,1.0,cephalosporins,chryseomonas,1.0
1825,A_CHRYSEOM,ATOB,0.0,aminoglycosides,chryseomonas,1.0
1826,A_CHRYSEOB,ACIP,1.0,fluoroquinolones,chryseobacterium,1.0
1827,A_CHRYSEOB,ATRI,0.0,,chryseobacterium,1.0
1828,A_CHRYSEOB,ANIT,1.0,,chryseobacterium,1.0
1829,A_CHRYSEOB,AAUG,1.0,,chryseobacterium,1.0
1830,A_CHRYSEOB,ACELX,1.0,cephalosporins,chryseobacterium,1.0
1831,A_CHRYSEOB,AGEN,1.0,aminoglycosides,chryseobacterium,1.0
1833,A_CHRYSEOB,ATAZ,0.0,,chryseobacterium,1.0
1834,A_CHRYSEOB,AMER,1.0,meropenems,chryseobacterium,1.0
1835,A_CHRYSEOB,ACAZ,0.0,cephalosporins,chryseobacterium,1.0
1836,A_CHRYSEOB,AAMI,1.0,aminoglycosides,chryseobacterium,1.0
1837,A_CHRYSEOB,ACOL,1.0,polypeptides,chryseobacterium,1.0
1838,A_CHRYSEOB,AIMP,1.0,meropenems,chryseobacterium,1.0
1839,A_CHRYSEOB,ATOB,1.0,aminoglycosides,chryseobacterium,1.0
1840,A_CHRYSEOB,AAZT,1.0,monobactams,chryseobacterium,1.0
1841,QMIXY,ACIP,0.0,fluoroquinolones,mixed,1.0
1842,QMIXY,ATRI,0.0,,mixed,2.0
1843,QMIXY,ANIT,0.0,,mixed,2.0
1844,QMIXY,AAUG,0.0,,mixed,1.0
1845,QMIXY,ACELX,0.0,cephalosporins,mixed,1.0
1846,QMIXY,AGEN,0.0,aminoglycosides,mixed,1.0
1848,QMIXY,AAMO,,aminopenicillins,mixed,1.0
1849,QMIXY,AVAN,,glycopeptide,mixed,1.0
1850,ROTH,ACIP,1.0,fluoroquinolones,rothia,1.0
1851,ROTH,ATRI,1.0,,rothia,1.0
1852,ROTH,ANIT,1.0,,rothia,1.0
1853,ROTH,ACELX,0.0,cephalosporins,rothia,1.0
1854,ROTH,AGEN,0.0,aminoglycosides,rothia,1.0
1856,ROTH,AAMO,0.0,aminopenicillins,rothia,1.0
1857,ROTH,APEN,0.0,penicillins,rothia,1.0
1858,ROTH,AERY,0.0,macrolides,rothia,1.0
1859,ROTH,ACLI,0.0,macrolides,rothia,1.0
1860,ROTH,ATET,0.0,tetracyclines,rothia,1.0
1861,QMCOL,ACIP,0.0,fluoroquinolones,mixed,1.0
1862,QMCOL,ATRI,1.0,,mixed,1.0
1863,QMCOL,ANIT,0.0,,mixed,1.0
1864,QMCOL,AAUG,1.0,,mixed,1.0
1865,QMCOL,ACELX,0.0,cephalosporins,mixed,1.0
1866,QMCOL,AGEN,0.0,aminoglycosides,mixed,1.0
1868,A_ELUDWIGII,ACIP,0.0,fluoroquinolones,enterobacter,1.0
1869,A_ELUDWIGII,ATRI,0.0,,enterobacter,1.0
1870,A_ELUDWIGII,ANIT,0.0,,enterobacter,1.0
1871,A_ELUDWIGII,AAUG,1.0,,enterobacter,1.0
1872,A_ELUDWIGII,ACELX,1.0,cephalosporins,enterobacter,1.0
1873,A_ELUDWIGII,AGEN,0.0,aminoglycosides,enterobacter,1.0
1875,A_ELUDWIGII,ATAZ,0.0,,enterobacter,1.0
1876,A_ELUDWIGII,AMER,0.0,meropenems,enterobacter,1.0
1877,A_ELUDWIGII,ACAZ,0.0,cephalosporins,enterobacter,1.0
1878,A_ELUDWIGII,ACTX,0.0,cephalosporins,enterobacter,1.0
1879,A_ELUDWIGII,ACXT,1.0,cephalosporins,enterobacter,1.0
1880,A_ELUDWIGII,AAMI,0.0,aminoglycosides,enterobacter,1.0
1881,A_ELUDWIGII,AMEC,0.0,penicillins,enterobacter,1.0
1882,A_ELUDWIGII,ATEM,0.0,penicillins,enterobacter,1.0
1883,A_ELUDWIGII,AERT,0.0,meropenems,enterobacter,1.0
1884,A_ELUDWIGII,AESBL,1.0,,enterobacter,1.0
1885,A_FLAVOBAC,ACIP,0.0,fluoroquinolones,flavobacterium,1.0
1886,A_FLAVOBAC,ATRI,1.0,,flavobacterium,1.0
1887,A_FLAVOBAC,ANIT,1.0,,flavobacterium,1.0
1888,A_FLAVOBAC,AAUG,0.0,,flavobacterium,1.0
1889,A_FLAVOBAC,ACELX,1.0,cephalosporins,flavobacterium,1.0
1890,A_FLAVOBAC,AGEN,0.0,aminoglycosides,flavobacterium,1.0
1892,PANTO,ACIP,0.0,fluoroquinolones,pantoea,1.0
1893,PANTO,ATRI,0.0,,pantoea,1.0
1894,PANTO,ANIT,1.0,,pantoea,1.0
1895,PANTO,AAUG,0.0,,pantoea,1.0
1896,PANTO,ACELX,1.0,cephalosporins,pantoea,1.0
1897,PANTO,AGEN,0.0,aminoglycosides,pantoea,1.0
1899,PANTO,ATAZ,0.0,,pantoea,1.0
1900,PANTO,AMER,0.0,meropenems,pantoea,1.0
1901,PANTO,ACAZ,0.0,cephalosporins,pantoea,1.0
1902,PANTO,ACTX,0.0,cephalosporins,pantoea,1.0
1903,PANTO,ACXT,1.0,cephalosporins,pantoea,1.0
1904,PANTO,AAMI,0.0,aminoglycosides,pantoea,1.0
1905,PANTO,AMEC,1.0,penicillins,pantoea,1.0
1906,PANTO,ATEM,0.0,penicillins,pantoea,1.0
1907,PANTO,AERT,0.0,meropenems,pantoea,1.0
1908,PANTO,ACOL,0.0,polypeptides,pantoea,1.0
1909,PANTO,AAMPC,0.0,,pantoea,1.0
1910,A_CTESTOSTE,ACIP,1.0,fluoroquinolones,comamonas,1.0
1911,A_CTESTOSTE,ATRI,1.0,,comamonas,1.0
1912,A_CTESTOSTE,ANIT,1.0,,comamonas,1.0
1913,A_CTESTOSTE,AAUG,1.0,,comamonas,1.0
1914,A_CTESTOSTE,ACELX,1.0,cephalosporins,comamonas,1.0
1915,A_CTESTOSTE,AGEN,1.0,aminoglycosides,comamonas,1.0
1917,A_CTESTOSTE,ATAZ,1.0,,comamonas,1.0
1918,A_CTESTOSTE,AMER,0.0,meropenems,comamonas,1.0
1919,A_CTESTOSTE,ACAZ,1.0,cephalosporins,comamonas,1.0
1920,A_CTESTOSTE,AAMI,1.0,aminoglycosides,comamonas,1.0
1921,A_CTESTOSTE,ACOL,0.0,polypeptides,comamonas,1.0
1922,A_CTESTOSTE,AIMP,0.0,meropenems,comamonas,1.0
1923,A_CTESTOSTE,ATOB,1.0,aminoglycosides,comamonas,1.0
1924,A_CTESTOSTE,AAZT,1.0,monobactams,comamonas,1.0
1925,AEROC,ATRI,1.0,,aerococcus,5.0
1926,AEROC,ANIT,0.0,,aerococcus,6.0
1927,AEROC,AAUG,0.0,,aerococcus,2.0
1928,AEROC,ACELX,0.0,cephalosporins,aerococcus,2.0
1929,AEROC,AAMO,0.0,aminopenicillins,aerococcus,4.0
1930,AEROC,AVAN,0.0,glycopeptide,aerococcus,9.0
1931,AEROC,ACXT,0.0,cephalosporins,aerococcus,1.0
1932,AEROC,ATEI,0.0,glycopeptide,aerococcus,6.0
1933,AEROC,ALIN,0.0,oxazolidinones,aerococcus,1.0
1934,AEROC,APEN,0.0,penicillins,aerococcus,6.0
1935,AEROC,AERY,0.0,macrolides,aerococcus,6.0
1936,AEROC,ACLI,0.0,macrolides,aerococcus,6.0
1937,AEROC,ATET,0.0,tetracyclines,aerococcus,2.0
1938,AEROC,ARIF,0.0,,aerococcus,1.0
1939,AEROC,AMLS,1.0,,aerococcus,2.0
1940,SSAL,ATRI,1.0,,streptococcus,3.0
1941,SSAL,ANIT,0.0,,streptococcus,3.0
1942,SSAL,AAUG,0.0,,streptococcus,1.0
1943,SSAL,ACELX,0.0,cephalosporins,streptococcus,1.0
1944,SSAL,AAMO,0.0,aminopenicillins,streptococcus,2.0
1945,SSAL,AVAN,0.0,glycopeptide,streptococcus,3.0
1946,A_EAVIUM,ATRI,0.0,,enterococcus,3.0
1947,A_EAVIUM,ANIT,1.0,,enterococcus,2.0
1948,A_EAVIUM,AAUG,0.0,,enterococcus,1.0
1949,A_EAVIUM,ACELX,0.0,cephalosporins,enterococcus,1.0
1950,A_EAVIUM,AAMO,0.0,aminopenicillins,enterococcus,2.0
1951,A_EAVIUM,AVAN,0.0,glycopeptide,enterococcus,2.0
1952,BHSG,ATRI,0.0,,streptococcus,1.0
1953,BHSG,ANIT,0.0,,streptococcus,1.0
1954,BHSG,AAUG,0.0,,streptococcus,1.0
1955,BHSG,ACELX,0.0,cephalosporins,streptococcus,1.0
1956,BHSG,AAMO,0.0,aminopenicillins,streptococcus,1.0
1957,SPARAS,ATRI,1.0,,streptococcus,1.0
1958,SPARAS,ANIT,0.0,,streptococcus,1.0
1959,SPARAS,AAMO,0.0,aminopenicillins,streptococcus,1.0
1960,SPARAS,APEN,0.0,penicillins,streptococcus,1.0
1961,SPARAS,AERY,0.0,macrolides,streptococcus,1.0
1962,SPARAS,ACLI,0.0,macrolides,streptococcus,1.0
1963,SPARAS,ATET,0.0,tetracyclines,streptococcus,1.0
1964,SPARAS,AMLS,1.0,,streptococcus,1.0
1965,AVIR,ATRI,0.0,,aerococcus,1.0
1966,AVIR,ANIT,1.0,,aerococcus,1.0
1967,AVIR,AAUG,0.0,,aerococcus,3.0
1968,AVIR,ACELX,0.0,cephalosporins,aerococcus,3.0
1969,AVIR,AVAN,0.0,glycopeptide,aerococcus,1.0
1970,AVIR,ATEI,0.0,glycopeptide,aerococcus,1.0
1971,AVIR,APEN,0.0,penicillins,aerococcus,1.0
1972,AVIR,AERY,0.0,macrolides,aerococcus,1.0
1973,AVIR,ACLI,0.0,macrolides,aerococcus,1.0
1974,A_LEUCONOS,ANIT,1.0,,leuconostoc,1.0
1975,A_LEUCONOS,AGEN,0.0,aminoglycosides,leuconostoc,1.0
1977,A_LEUCONOS,AAMO,0.0,aminopenicillins,leuconostoc,1.0
1978,A_LEUCONOS,AVAN,1.0,glycopeptide,leuconostoc,1.0
1979,A_LEUCONOS,ATEI,1.0,glycopeptide,leuconostoc,1.0
1980,A_LEUCONOS,ALIN,0.0,oxazolidinones,leuconostoc,1.0
1981,A_LEUCONOS,ASYN,0.0,,leuconostoc,1.0
1982,SORA,AVAN,0.0,glycopeptide,streptococcus,1.0
1983,SORA,ATEI,0.0,glycopeptide,streptococcus,1.0
1984,SORA,APEN,0.0,penicillins,streptococcus,1.0
1985,SORA,AERY,0.0,macrolides,streptococcus,1.0
1986,SORA,ACLI,0.0,macrolides,streptococcus,1.0
1988,CALB,AMF,,,candida,5.0
1989,CALB,AVOR,0.0,,candida,5.0
1990,CALB,AITR,0.25,,candida,5.0
1991,CALB,AFLUZ,0.0,,candida,4.0
1992,CALB,AFLUC,0.0,,candida,5.0
1993,CALB,ACAS,0.0,,candida,5.0
1994,CALB,AAND,,,candida,5.0
1995,CALB,AAMPH,0.0,,candida,5.0
1996,CALB,APCZ,,,candida,5.0
1997,CGLA,AMF,,,candida,5.0
1998,CGLA,AVOR,0.0,,candida,5.0
1999,CGLA,AITR,0.8,,candida,5.0
2000,CGLA,AFLUZ,0.8,,candida,5.0
2001,CGLA,AFLUC,0.0,,candida,5.0
2002,CGLA,ACAS,0.0,,candida,5.0
2003,CGLA,AAND,,,candida,5.0
2004,CGLA,AAMPH,0.0,,candida,5.0
2005,CGLA,APCZ,,,candida,5.0
2006,A_CPARAPSIL,AMF,,,candida,2.0
2007,A_CPARAPSIL,AVOR,0.0,,candida,2.0
2008,A_CPARAPSIL,AITR,0.5,,candida,2.0
2009,A_CPARAPSIL,AFLUZ,0.5,,candida,2.0
2010,A_CPARAPSIL,AFLUC,0.0,,candida,2.0
2011,A_CPARAPSIL,ACAS,0.0,,candida,2.0
2012,A_CPARAPSIL,AAND,,,candida,2.0
2013,A_CPARAPSIL,AAMPH,0.0,,candida,2.0
2014,A_CPARAPSIL,APCZ,,,candida,2.0
2015,A_CLUSITANI,AMF,,,candida,1.0
2016,A_CLUSITANI,AVOR,0.0,,candida,1.0
2017,A_CLUSITANI,AITR,0.0,,candida,1.0
2018,A_CLUSITANI,AFLUZ,0.0,,candida,1.0
2019,A_CLUSITANI,AFLUC,0.0,,candida,1.0
2020,A_CLUSITANI,ACAS,0.0,,candida,1.0
2021,A_CLUSITANI,AAND,,,candida,1.0
2022,A_CLUSITANI,AAMPH,0.0,,candida,1.0
2023,A_CLUSITANI,APCZ,,,candida,1.0
2024,A_CGUILLIER,AMF,,,candida,1.0
2025,A_CGUILLIER,AVOR,0.0,,candida,1.0
2026,A_CGUILLIER,AITR,0.0,,candida,1.0
2027,A_CGUILLIER,AFLUZ,1.0,,candida,1.0
2028,A_CGUILLIER,AFLUC,0.0,,candida,1.0
2029,A_CGUILLIER,ACAS,0.0,,candida,1.0
2030,A_CGUILLIER,AAND,,,candida,1.0
2031,A_CGUILLIER,AAMPH,0.0,,candida,1.0
2032,A_CGUILLIER,APCZ,,,candida,1.0
2033,CKEF,AMF,,,candida,1.0
2034,CKEF,AVOR,0.0,,candida,1.0
2035,CKEF,AITR,0.0,,candida,1.0
2036,CKEF,AFLUZ,0.0,,candida,1.0
2037,CKEF,AFLUC,0.0,,candida,1.0
2038,CKEF,ACAS,0.0,,candida,1.0
2039,CKEF,AAND,,,candida,1.0
2040,CKEF,AAMPH,0.0,,candida,1.0
2041,CKEF,APCZ,,,candida,1.0
2042,CKRU,AMF,,,candida,1.0
2043,CKRU,AVOR,0.0,,candida,1.0
2044,CKRU,AITR,0.0,,candida,1.0
2045,CKRU,AFLUZ,1.0,,candida,1.0
2046,CKRU,AFLUC,1.0,,candida,1.0
2047,CKRU,ACAS,0.0,,candida,1.0
2048,CKRU,AAND,,,candida,1.0
2049,CKRU,AAMPH,0.0,,candida,1.0
2050,CKRU,APCZ,,,candida,1.0
2051,CTRO,AMF,,,candida,1.0
2052,CTRO,AVOR,0.0,,candida,1.0
2053,CTRO,AITR,0.0,,candida,1.0
2054,CTRO,AFLUZ,0.0,,candida,1.0
2055,CTRO,AFLUC,0.0,,candida,1.0
2056,CTRO,ACAS,0.0,,candida,1.0
2057,CTRO,AAND,,,candida,1.0
2058,CTRO,AAMPH,0.0,,candida,1.0
2059,CTRO,APCZ,,,candida,1.0
