organismCode,antibioticCode,sari
CNS,AFUS,0.616923076923
CNS,AERY,0.648429974957
CNS,ACLI,0.502996327083
CNS,AMET,0.654856920382
CNS,APEN,0.886837403216
CNS,ATET,0.214426229508
CNS,ACIP,0.447889182058
CNS,AGEN,0.349394939494
CNS,ARIF,0.105649466192
CNS,ATRI,0.532811420677
CNS,AMUP,0.231686118699
CNS,AVAN,0.000522193211488
ECOL,ACAZ,0.192976906042
ECOL,ATAZ,0.13643558088
ECOL,AGEN,0.163659385882
ECOL,ACXM,0.243508549715
ECOL,ACIP,0.351804939835
ECOL,AAMO,0.726552598226
ECOL,AAUG,0.469562460368
ECOL,ACXT,0.115409004439
ECOL,AMER,0.00577293136626
ECOL,ACTX,0.203685422836
ECOL,ATEM,0.11172796669
ECOL,AAMI,0.0163137799375
ECOL,AERT,0.0123674911661
ECOL,AAZT,0.195801664857
ECOL,ATOB,0.221722846442
ECOL,ATRI,0.470317885867
ECOL,ATIG,0.0171073094868
ECOL,ACOL,0.0425010216592
SAUR,AERY,0.237037037037
SAUR,AFUS,0.142592592593
SAUR,ACLI,0.211502782931
SAUR,APEN,0.865800865801
SAUR,ATET,0.0659133709981
SAUR,AGEN,0.037037037037
SAUR,ARIF,0.0282485875706
SAUR,AMET,0.182219419924
CNS,AMLS,0.507556675063
SAUR,ACIP,0.242596093258
SAUR,ATRI,0.101948051948
SAUR,AMUP,0.0326842837274
SAUR,AVAN,0.0
ECOL,AESBL,0.590146750524
ECOL,AAMPC,0.84236453202
CNS,ALIN,0.0
CNS,ATEI,0.00783699059561
ENTC,AAMO,0.614583333333
ENTC,AVAN,0.410839160839
ENTC,ATEI,0.404593639576
PAER,ACIP,0.186003683241
PAER,AGEN,0.0590405904059
KPNE,ACIP,0.280961182994
KPNE,ACAZ,0.255083179298
PAER,ATAZ,0.101663585952
KPNE,AAUG,0.353049907579
KPNE,ACXM,0.279112754159
KPNE,ATAZ,0.256931608133
KPNE,ATRI,0.358595194085
KPNE,AERT,0.0609981515712
KPNE,AAMO,0.992592592593
PAER,AMER,0.153703703704
KPNE,ATEM,0.162962962963
KPNE,ACXT,0.168518518519
PAER,ACAZ,0.105555555556
KPNE,AGEN,0.153988868275
KPNE,AMER,0.0426716141002
KPNE,AAMI,0.038961038961
KPNE,ATOB,0.260223048327
KPNE,ATIG,0.337099811676
KPNE,AAZT,0.232954545455
ENTC,ALIN,0.00579150579151
KPNE,ACTX,0.251450676983
SAUR,AMLS,0.644400785855
PAER,AAMI,0.0344129554656
PAER,ATOB,0.0469387755102
PAER,AAZT,0.751037344398
KPNE,ACOL,0.00900900900901
ECOL,AIMP,0.0134529147982
ECOL,A_CEFPODOX,0.227990970655
PAER,ACOL,0.00232558139535
AHS,AERY,0.439024390244
AHS,APEN,0.147783251232
AHS,AVAN,0.00987654320988
AHS,ATEI,0.015
KLEBS,ACXT,0.0979899497487
KLEBS,AGEN,0.113065326633
KLEBS,AAUG,0.206030150754
KLEBS,ACIP,0.196473551637
KLEBS,AAMO,0.987405541562
KLEBS,ACXM,0.19395465995
KLEBS,ATAZ,0.159090909091
KLEBS,ACTX,0.156565656566
KLEBS,ACAZ,0.166666666667
KLEBS,AMER,0.00505050505051
ENTC,AGEN,0.3984375
SPNE,AERY,0.132183908046
SPNE,ATET,0.0720461095101
SPNE,APEN,0.0787172011662
AHS,ATET,0.240469208211
PAER,AIMP,0.205970149254
AHS,ACLI,0.147928994083
SPNE,AVAN,0.0
KLEBS,AAMI,0.0288461538462
KLEBS,ATEM,0.0858085808581
ENTC,ASYN,0.387959866221
KLEBS,AAZT,0.190476190476
BHSB,AERY,0.261904761905
BHSB,APEN,0.00340136054422
BHSB,ATET,0.866894197952
KLEBS,AERT,0.0207612456747
SPNE,AMOX,0.0174216027875
SPNE,ALEV,0.0104529616725
BHSB,ACLI,0.160142348754
ECOL,ACOT,0.527272727273
KLEBS,ACOL,0.176691729323
MICROC,AERY,0.277777777778
MICROC,AFUS,0.04
SAUR,ALIN,0.0
KLEBS,ATOB,0.178861788618
MICROC,APEN,0.170731707317
MICROC,ACLI,0.0946502057613
MICROC,AMET,0.0454545454545
EFAS,AAMO,0.0
EFAS,AVAN,0.00865800865801
ENTC,ATET,0.753246753247
EFAS,ALIN,0.004329004329
EFAS,AGEN,0.14347826087
KLEBS,ATRI,0.214912280702
EFAS,ATEI,0.0353982300885
MICROC,AGEN,0.00446428571429
KLEBS,ATIG,0.21875
MICROC,ATET,0.0223214285714
MICROC,ACIP,0.495495495495
MICROC,ARIF,0.0045045045045
MICROC,ATRI,0.339449541284
SAUR,ATEI,0.0
SEPI,ACLI,0.525821596244
SEPI,AMUP,0.183962264151
SEPI,AMET,0.655660377358
SEPI,ATET,0.22641509434
SEPI,AGEN,0.429245283019
SEPI,ARIF,0.0943396226415
SEPI,ACIP,0.47641509434
SEPI,AFUS,0.702830188679
SEPI,AERY,0.655660377358
SEPI,ATRI,0.516587677725
CORYN,APEN,0.601895734597
SEPI,APEN,0.914141414141
EFAS,ATET,0.768041237113
MICROC,AMUP,0.984455958549
CORYN,AVAN,0.0104712041885
MICROC,AVAN,0.0
CORYN,AERY,0.631284916201
CORYN,AFUS,0.469273743017
CORYN,ACLI,0.758426966292
SMAL,ACOT,0.0363636363636
ENTB,ACAZ,0.290909090909
ENTB,ACXM,0.357575757576
ENTB,ATAZ,0.134146341463
ENTB,AAUG,0.865853658537
ENTB,ACIP,0.103658536585
ENTB,ACTX,0.30487804878
ENTB,AAMO,0.896341463415
ENTB,ACXT,0.871951219512
ENTB,AGEN,0.121951219512
ENTB,AMER,0.00609756097561
SAUR,AOXA,0.0604026845638
CORYN,ACIP,0.51572327044
KPNE,AESBL,0.445161290323
KLEBS,A_CEFPODOX,0.170212765957
ENTB,AAMI,0.0141843971631
KLEBS,AIMP,0.00714285714286
PMIR,AAMO,0.338345864662
PMIR,ATRI,0.590909090909
PMIR,ATOB,0.0909090909091
PMIR,ATEM,0.0151515151515
PMIR,AGEN,0.136363636364
PMIR,AAMI,0.0151515151515
PMIR,AERT,0.0
PMIR,ACXT,0.0151515151515
PMIR,ACXM,0.0227272727273
PMIR,ACIP,0.143939393939
PMIR,ACAZ,0.00757575757576
PMIR,ATAZ,0.0
PMIR,AAUG,0.0909090909091
PMIR,ATIG,0.526717557252
ENTB,ACOL,0.169230769231
PMIR,AAZT,0.00769230769231
KPNE,AAMPC,0.676923076923
PMIR,AMER,0.0
CORYN,ATET,0.170542635659
EFAM,ATEI,0.275590551181
CORYN,AGEN,0.1171875
EFAM,AVAN,0.267716535433
CORYN,ARIF,0.1171875
ECOL,ACONE,0.1875
EFAM,AGEN,0.472440944882
EFAM,AAMO,0.96875
ENTB,ATEM,0.0472440944882
EFAM,ALIN,0.00793650793651
ECLO,AERT,0.128
ECLO,ACXT,0.88
ECLO,AAMO,0.872
ECLO,AAUG,0.84
ECLO,ACXM,0.28
ECLO,ATEM,0.088
ECLO,ACAZ,0.176
ECLO,ATAZ,0.128
ECLO,AAMI,0.0241935483871
ECLO,ACIP,0.145161290323
ECLO,ATRI,0.16935483871
ECLO,ATIG,0.241935483871
ECLO,AMER,0.0
PMIR,ACTX,0.0322580645161
ECLO,ATOB,0.162601626016
ECLO,AGEN,0.121951219512
PMIR,ACOL,1.0
ENTB,AERT,0.158333333333
CORYN,ATRI,0.883333333333
ECLO,ACTX,0.183333333333
ENTB,AAZT,0.235294117647
ECLO,AAZT,0.161016949153
ENTB,ATOB,0.153846153846
ECLO,ACOL,0.0192307692308
EFAM,ATET,0.657142857143
SEPI,AMLS,0.60396039604
ECOL,A_TIMENTIN,0.80198019802
PROTE,AAUG,0.0505050505051
PROTE,ACAZ,0.0
PROTE,ACIP,0.222222222222
PROTE,AAMO,0.393939393939
PROTE,ACXT,0.0
PROTE,ATAZ,0.020202020202
ENTB,ATIG,0.20202020202
PROTE,AGEN,0.171717171717
PROTE,ACXM,0.040404040404
PROTE,AMER,0.0
PROTE,ACTX,0.0
SMAR,ATOB,0.288659793814
SMAR,ACAZ,0.0721649484536
SMAR,ACIP,0.0515463917526
SMAR,ATEM,0.3125
SMAR,ATRI,0.395833333333
CORYN,AMUP,0.958333333333
SMAR,AAMI,0.0
SMAR,AAMO,0.947368421053
SALMO,ACIP,0.315789473684
SMAR,ATIG,0.4
SMAR,AAUG,0.957894736842
SMAR,ACXM,0.957894736842
SMAR,ACXT,0.894736842105
SMAR,AGEN,0.0210526315789
SMAR,AMER,0.0421052631579
SMAR,ATAZ,0.0631578947368
SMAR,AERT,0.0631578947368
BHSA,APEN,0.0
SMAR,ACTX,0.13829787234
KOXY,AAUG,0.150537634409
KOXY,AAMO,0.94623655914
KOXY,AAZT,0.129032258065
KOXY,AAMI,0.0
CORYN,AMET,0.290322580645
KOXY,ACAZ,0.0215053763441
KOXY,ACIP,0.0215053763441
KOXY,ACXM,0.139784946237
KOXY,ATAZ,0.139784946237
KOXY,AGEN,0.0322580645161
KOXY,AERT,0.0215053763441
BHSA,ATET,0.150537634409
KOXY,ATRI,0.0537634408602
KOXY,ATOB,0.0322580645161
KOXY,ATEM,0.0215053763441
KOXY,AMER,0.0
BHSA,AERY,0.0752688172043
KOXY,ACXT,0.0537634408602
ENTB,ATRI,0.184782608696
SMAR,AAZT,0.043956043956
KOXY,ATIG,0.0769230769231
PSEUD,AMER,0.322222222222
SALMO,AAMO,0.168539325843
SEPI,AVAN,0.0229885057471
PSEUD,ACIP,0.272727272727
PSEUD,ATAZ,0.0344827586207
PSEUD,AGEN,0.137931034483
PSEUD,ACAZ,0.195402298851
A_ANAEROBE,AMTZ,0.211764705882
BHSB,AVAN,0.0119047619048
SALMO,ATAZ,0.0
SALMO,ACTX,0.0
SALMO,ACXM,0.0595238095238
BHSCG,APEN,0.0
SALMO,AGEN,0.0
BHSCG,AERY,0.261904761905
SALMO,AMER,0.0
BHSA,ACLI,0.0361445783133
SALMO,ACAZ,0.0
SALMO,ACXT,0.0361445783133
BHSCG,ATET,0.253012048193
KLEBS,ACOT,0.325301204819
SALMO,AAUG,0.0481927710843
ACINE,ACIP,0.0987654320988
ACINE,AGEN,0.0987654320988
KLEBS,AESBL,0.7875
SERRA,ACTX,0.1375
SERRA,ACXT,0.85
ACINE,AMER,0.05
AHS,AAMO,0.0125
SERRA,ACXM,0.95
SERRA,ACAZ,0.05
SERRA,ACIP,0.0875
SERRA,AAUG,0.925
SERRA,AAMO,0.9375
SERRA,AGEN,0.0
KOXY,ACTX,0.0
SERRA,ATAZ,0.0126582278481
SERRA,AMER,0.0
BHSCG,ACLI,0.0897435897436
ACINE,ATAZ,0.025641025641
SALMO,ATEM,0.179487179487
SALMO,ATRI,0.153846153846
SALMO,AERT,0.0
SALMO,AAMI,0.0
ECLO,AAMPC,0.04
AHS,AMLS,0.851351351351
SMAR,ACOL,0.864864864865
PROTE,AAMI,0.013698630137
PSEUD,AAMI,0.0958904109589
KOXY,ACOL,0.0
SMIL,APEN,0.0
SALMO,ATOB,0.0
PSEUD,ATOB,0.152777777778
BHSB,ATEI,0.0281690140845
SALMO,ATIG,0.0972222222222
SALMO,AAZT,0.0
ACINE,AAMI,0.0985915492958
PROTE,ACOL,0.957142857143
PSEUD,ACOL,0.0579710144928
KLEBS,AAMPC,0.913043478261
SMIL,AERY,0.101449275362
BACIL,ACLI,0.579710144928
SALMO,ACOL,0.0
BACIL,AERY,0.264705882353
SMIL,ACLI,0.0294117647059
PROTE,AAZT,0.0
SERRA,AAMI,0.0
PSEUD,AAZT,0.671641791045
PROTE,ATEM,0.0
SERRA,ATEM,0.194029850746
BACIL,AFUS,0.761194029851
SMIL,ATET,0.215384615385
BACIL,APEN,0.784615384615
SMAR,AAMPC,0.078125
SERRA,ATOB,0.046875
SPNE,ATEI,0.0
SERRA,AERT,0.03125
SERRA,AAZT,0.03125
AHS,ACTX,0.031746031746
BACIL,ACIP,0.0634920634921
PSEUD,AIMP,0.15873015873
BACIL,AGEN,0.0483870967742
PROTE,AERT,0.0
SMIL,AVAN,0.0
SORA,AVAN,0.0
SPNE,ACTX,0.0
SERRA,ATRI,0.327868852459
AHS,ACONE,0.0327868852459
ENTB,AAMPC,0.0819672131148
SORA,ACLI,0.131147540984
SORA,APEN,0.114754098361
ACINE,ACAZ,0.433333333333
ACINE,AAUG,0.05
ACINE,ACXT,0.433333333333
SERRA,ATIG,0.25
ACINE,ACXM,0.366666666667
ACINE,AAMO,0.283333333333
BACIL,ATET,0.101694915254
PAER,A_TIMENTIN,0.305084745763
ACINE,ACTX,0.423728813559
SERRA,ACOL,0.796610169492
SMIL,ATEI,0.0
BACIL,ATRI,0.491228070175
SORA,AERY,0.473684210526
BACIL,ARIF,0.714285714286
ENTB,AIMP,0.0
BACIL,AMET,0.555555555556
ENTB,A_CEFPODOX,0.259259259259
PROTE,ATOB,0.150943396226
SORA,ATEI,0.0
BHSB,AMLS,0.903846153846
CORYN,ATEI,0.0
PROTE,ATRI,0.450980392157
BACIL,AMUP,0.666666666667
ABAU,AMER,0.450980392157
ABAU,ATAZ,0.549019607843
ABAU,AGEN,0.470588235294
SSAL,APEN,0.3
BACIL,AVAN,0.0
ABAU,ACIP,0.56862745098
SSAL,ACLI,0.183673469388
ENTB,AESBL,0.808510638298
HINF,ACXM,0.0208333333333
HINF,AAMO,0.166666666667
SSAL,AERY,0.541666666667
SSAL,AVAN,0.0
CITRO,ATAZ,0.145833333333
CITRO,ACIP,0.104166666667
CITRO,AAMO,0.916666666667
CITRO,AAUG,0.395833333333
CITRO,ACAZ,0.3125
CITRO,AGEN,0.0833333333333
CITRO,ACTX,0.270833333333
CITRO,ACXM,0.3125
CITRO,AMER,0.0208333333333
HINF,AAUG,0.063829787234
ACINE,ATEM,0.68085106383
CITRO,ACXT,0.446808510638
ACINE,ACOL,0.0212765957447
ABAU,ACTX,0.95652173913
ABAU,AAUG,0.695652173913
ABAU,ACXT,0.934782608696
ABAU,ACXM,0.934782608696
ACINE,AAZT,0.760869565217
PROTE,ATIG,0.45652173913
ABAU,AAMO,0.934782608696
SPNE,ACONE,0.0
ACINE,AERT,0.739130434783
SSAL,ATEI,0.0
ENTAE,ACAZ,0.311111111111
ABAU,ACAZ,0.955555555556
PROTE,A_CEFPODOX,0.0
ACINE,ATOB,0.111111111111
HINF,ATET,0.0
ABAU,AAMI,0.4
PROTE,AIMP,0.0222222222222
ENTAE,ACXT,0.954545454545
ENTAE,AAMO,0.909090909091
ENTAE,AAUG,0.954545454545
ENTAE,ACXM,0.340909090909
ENTAE,ATAZ,0.204545454545
CITRO,ATEM,0.0681818181818
MMOR,ACXT,0.53488372093
MMOR,ACIP,0.255813953488
ENTAE,AAMI,0.0
MMOR,AAUG,0.976744186047
MMOR,ATAZ,0.0
ENTAE,ACIP,0.0
ENTAE,ACTX,0.325581395349
MMOR,ACAZ,0.139534883721
MMOR,ACXM,0.627906976744
MMOR,AGEN,0.186046511628
ENTAE,AGEN,0.0
ENTAE,AMER,0.0
MICROC,AMLS,0.860465116279
ENTAE,ATEM,0.093023255814
ENTAE,ATIG,0.162790697674
ENTAE,ATOB,0.046511627907
ENTAE,ATRI,0.0697674418605
MMOR,AAMO,0.976744186047
MMOR,AMER,0.0
ENTAE,AAZT,0.261904761905
ENTAE,AERT,0.119047619048
CITRO,AAMI,0.0238095238095
MMOR,ACTX,0.146341463415
ENTB,ACOT,0.0975609756098
CITRO,AERT,0.025
MMOR,AAMI,0.0
SSAL,ATET,0.3
ECLO,AESBL,0.684210526316
ENTC,ATIG,0.0263157894737
CITRO,ATOB,0.157894736842
MMOR,ACOL,0.972972972973
MMOR,ATEM,0.0
HINF,ACLA,0.473684210526
CITRO,AAZT,0.236842105263
ABAU,ACOL,0.0526315789474
CORYN,ALIN,0.0
COLIF,AAZT,0.297297297297
COLIF,AAMO,0.756756756757
COLIF,ACXT,0.297297297297
SALMO,ACONE,0.0
COLIF,ACXM,0.405405405405
MMOR,ATOB,0.0
COLIF,ACTX,0.297297297297
CITRO,ATRI,0.135135135135
COLIF,ACAZ,0.324324324324
MMOR,AERT,0.0
COLIF,AGEN,0.194444444444
ABAU,ATEM,1.0
MMOR,AAZT,0.0277777777778
COLIF,AAMI,0.0277777777778
SPNE,AAMO,0.0
ACINE,ATRI,0.916666666667
COLIF,AAUG,0.527777777778
COLIF,ACIP,0.277777777778
CITRO,ACOL,0.0833333333333
COLIF,ATAZ,0.25
CKOS,ACAZ,0.0
CKOS,AAUG,0.0
CKOS,AAZT,0.0
COLIF,AMER,0.0
CKOS,AAMO,0.971428571429
CKOS,AAMI,0.0
CKOS,ACXM,0.0285714285714
CITRO,ATIG,0.0571428571429
ABAU,ATOB,0.485714285714
CKOS,ACXT,0.0285714285714
CKOS,AERT,0.0
CKOS,AGEN,0.0
CKOS,AMER,0.0
KLEBS,A_TIMENTIN,0.6
CKOS,ATAZ,0.0
CKOS,ATEM,0.0
CKOS,ATIG,0.0
CKOS,ATRI,0.0285714285714
BFRA,AMTZ,0.0285714285714
ACINE,ATIG,0.0857142857143
CKOS,ACIP,0.0
COLIF,ACOL,0.117647058824
ENTAE,ACOL,0.0
STREP,ATEI,0.0294117647059
STREP,AVAN,0.0294117647059
CKOS,ATOB,0.0
SERRA,AAMPC,0.030303030303
MMOR,ATRI,0.787878787879
ABAU,AERT,1.0
STREP,ACLI,0.151515151515
STREP,APEN,0.0606060606061
STREP,AERY,0.30303030303
BHSA,AVAN,0.0
CKOS,ACTX,0.0
ABAU,AAZT,1.0
MICROC,ALIN,0.0
MICROC,ATEI,0.0
MMOR,ATIG,0.0645161290323
COLIF,ATEM,0.225806451613
DIPHT,APEN,0.433333333333
DIPHT,ACIP,0.5
ENTAE,AAMPC,0.0333333333333
COLIF,AERT,0.166666666667
SALMO,ACHL,0.103448275862
HINF,ANAL,0.0
DIPHT,ATET,0.137931034483
SPNE,AOXA,0.206896551724
ABAU,ATRI,0.931034482759
DIPHT,ARIF,0.103448275862
DIPHT,ACLI,0.724137931034
NMEN,ARIF,0.0
SALMO,ANAL,0.461538461538
BHSG,ACLI,0.214285714286
BHSG,AERY,0.285714285714
BHSG,APEN,0.0
BHSG,ATET,0.428571428571
DIPHT,AGEN,0.0357142857143
DIPHT,AERY,0.642857142857
ABAU,ATIG,0.428571428571
DIPHT,AMET,0.259259259259
DIPHT,AMUP,0.962962962963
DIPHT,AFUS,0.444444444444
CFRE,ATAZ,0.222222222222
BHSA,ATEI,0.0
DIPHT,ATRI,0.962962962963
NMEN,ACHL,0.0
CFRE,AMER,0.0
CFRE,AGEN,0.222222222222
CFRE,AAMI,0.0
CFRE,ACXM,0.333333333333
CFRE,ACIP,0.148148148148
CFRE,ACAZ,0.333333333333
CFRE,AAUG,0.925925925926
CFRE,ATRI,0.296296296296
CFRE,ATOB,0.296296296296
CFRE,AAMO,0.962962962963
CFRE,ACTX,0.37037037037
CFRE,ATIG,0.0740740740741
CFRE,ATEM,0.148148148148
PROTE,ACOT,0.538461538462
CKOS,ACOL,0.0
STAPH,APEN,0.846153846154
SSAN,AVAN,0.0
CFRE,ACOL,0.0
SSAN,ACLI,0.0
STAPH,ACIP,0.307692307692
STAPH,ARIF,0.0769230769231
STAPH,ACLI,0.230769230769
SSAN,APEN,0.153846153846
CFRE,ACXT,0.961538461538
STAPH,AFUS,0.269230769231
STAPH,AGEN,0.115384615385
CFRE,AERT,0.0384615384615
STAPH,AMUP,0.115384615385
STAPH,ATET,0.115384615385
STAPH,ATRI,0.192307692308
NMEN,APEN,0.52
ENTB,A_TIMENTIN,0.28
STAPH,AERY,0.2
SHAEM,ACLI,0.68
SHAEM,AGEN,0.44
NMEN,ACTX,0.0
BHSCG,AVAN,0.0
SHAEM,ACIP,0.56
SHAEM,AERY,0.76
SHAEM,AFUS,0.6
SSAN,AERY,0.16
SHAEM,AMUP,0.0
SHAEM,APEN,0.84
SHAEM,ARIF,0.0
CFRE,AAZT,0.28
SHAEM,ATET,0.16
AHS,ALIN,0.0
SSAN,ATEI,0.0
SHAEM,ATRI,0.608695652174
ALWO,AGEN,0.0
ALWO,ACIP,0.0
ALWO,AAMI,0.0
SMIL,AMLS,0.95652173913
STREP,ATET,0.391304347826
NMEN,ANAL,0.0
ALWO,AMER,0.0
KPNE,ACONE,0.130434782609
ALWO,ATAZ,0.0
SPNE,ACXM,0.0
SPNE,ACLI,0.0869565217391
ENTC,AERY,0.818181818182
ENTC,APEN,0.909090909091
SORA,ATET,0.409090909091
SMAR,AESBL,1.0
SAUR,ADAP,0.0454545454545
COLIF,ACOT,0.47619047619
QGPCN,AGEN,0.142857142857
COLIF,A_CEFPODOX,0.238095238095
SMAL,ATAZ,0.2
QGPCN,ATET,0.047619047619
SMAL,ACIP,0.736842105263
COLIF,AIMP,0.0
DIPHT,AVAN,0.0
SSAN,ATET,0.05
ACINE,AIMP,0.05
BHSCG,ATEI,0.05
PMIR,AAMPC,0.95
ROTH,ACLI,0.65
SANG,APEN,0.0
ROTH,APEN,0.0
SHAEM,AMET,0.85
ROTH,AERY,0.0
QGPCN,ACIP,0.35
QGPCN,AERY,0.4
QGPCN,AFUS,0.6
QGPCN,AMET,0.55
QGPCN,ACLI,0.2
QGPCN,ARIF,0.0
RMUC,APEN,0.2
QGPCN,ATRI,0.45
RMUC,ACLI,0.2
VIRST,AVAN,0.0526315789474
RMUC,AERY,0.0526315789474
BFRA,ACLI,0.210526315789
VIRST,APEN,0.157894736842
ACINE,A_CEFPODOX,0.210526315789
VIRST,ACLI,0.0
BHSB,AAMO,0.0
KOXY,AAMPC,0.894736842105
SMAL,ACAZ,0.111111111111
MMOR,AAMPC,0.0526315789474
ROTH,ATET,0.0
AXYL,ACAZ,0.0
EFAM,ATIG,0.0
AXYL,ATAZ,0.0
SANG,AVAN,0.0
AXYL,ACIP,0.947368421053
AXYL,AMER,0.0
QGPCN,AMUP,0.0526315789474
SANG,AERY,0.105263157895
AXYL,AGEN,0.947368421053
SMAL,AGEN,0.666666666667
BCER,ATET,0.0555555555556
RMUC,AVAN,0.0
BREVI,APEN,0.888888888889
VIRST,ATEI,0.0
BHSA,AMLS,0.944444444444
VIRST,AERY,0.5
BREVI,ACIP,0.666666666667
BREVI,AGEN,0.0555555555556
SANG,ATEI,0.0
SANG,ACLI,0.0555555555556
BCER,ACIP,0.0
AXYL,ATOB,1.0
SMAL,AAMO,0.705882352941
SMAL,ATEM,1.0
SMAL,AMER,0.647058823529
SMAL,ACXM,0.941176470588
AXYL,AAMI,1.0
AXYL,AAZT,1.0
AXYL,ACOL,0.117647058824
BREVI,ACLI,0.882352941176
BFRA,AAUG,0.117647058824
BACTE,AMTZ,0.0
ENTC,ARIF,0.882352941176
BREVI,AFUS,0.941176470588
BREVI,AERY,0.647058823529
SMIT,AVAN,0.0
BREVI,AMUP,1.0
BREVI,ARIF,0.0
BREVI,ATET,0.0
BREVI,ATRI,1.0
KOXY,AESBL,0.882352941176
SMAL,AAMI,0.6875
PMIR,AESBL,1.0
ENTAE,AESBL,0.823529411765
SMIT,APEN,0.0
SMAL,ATRI,1.0
SMIT,ACLI,0.117647058824
ENTC,ACTX,0.9375
ENTC,ADAP,0.0
ABAU,AIMP,0.375
SMAL,ACXT,0.933333333333
SMIT,AERY,0.625
SMAL,AERT,0.8
A_SMUTANS,ATEI,0.0
BCER,AGEN,0.0
QGPCN,APEN,0.8125
AHS,AGEN,0.0
SMAL,ATOB,0.733333333333
BCER,ARIF,0.75
A_SMUTANS,ACLI,0.0
A_SMUTANS,AERY,0.0
SMAL,AAUG,0.533333333333
BCER,APEN,1.0
BCER,ACLI,0.375
A_SMUTANS,APEN,0.0
A_SMUTANS,AVAN,0.0
ENTC,ATRI,0.875
BCER,AERY,0.75
CFRE,AAMPC,0.0
PROTE,AESBL,1.0
PROTE,AAMPC,1.0
ENTC,ACONE,0.875
PSEUD,AAMO,0.733333333333
BCEP,ACIP,0.466666666667
BCEP,ATAZ,0.0
A_SVIRIDANS,ATEI,0.0
A_SVIRIDANS,APEN,0.4
A_SVIRIDANS,AVAN,0.0
ACINE,ACOT,0.0666666666667
A_SVIRIDANS,AERY,0.466666666667
A_SVIRIDANS,ACLI,0.0
AXYL,AAUG,0.133333333333
PSEUD,ACTX,0.666666666667
BREVI,AMET,0.733333333333
BCEP,AMER,0.0666666666667
BCEP,AGEN,0.866666666667
CLOST,AMTZ,0.0
PSEUD,ACXM,0.866666666667
AXYL,AAMO,0.866666666667
SMIT,ATEI,0.0
ABAU,A_CEFPODOX,0.866666666667
SMAL,AAZT,0.714285714286
CPER,AMTZ,0.0
ROTH,AVAN,0.0
BCEP,ACAZ,0.133333333333
PSEUD,ACXT,0.733333333333
AXYL,AERT,0.133333333333
AXYL,ACXT,0.933333333333
COLIF,ATRI,0.666666666667
COLIF,ATOB,0.133333333333
AXYL,ACXM,1.0
COLIF,ATIG,0.0666666666667
BCEP,AAMI,0.666666666667
ALWO,ATEM,0.214285714286
EFAS,ATIG,0.0
BCEP,ACXT,0.928571428571
ALWO,ATIG,0.142857142857
RMUC,ATET,0.0714285714286
PSEUD,AAUG,0.5
BCEP,AAUG,0.857142857143
ALWO,ATRI,1.0
BCEP,ACOL,1.0
ALWO,ATOB,0.0
KOXY,ACONE,0.214285714286
STAPH,AMLS,0.785714285714
BHSC,APEN,0.0
SMAL,ACOL,0.153846153846
ALWO,AERT,0.571428571429
SMAL,ATIG,0.384615384615
AXYL,ATEM,1.0
AXYL,ATIG,0.5
BCEP,ATOB,0.928571428571
BCEP,ATEM,0.0714285714286
AXYL,ATRI,1.0
AHS,AMOX,0.0714285714286
AHS,ASYN,0.0
ENTC,ACHL,0.5
SMAL,ACTX,0.538461538462
BCEP,AAMO,0.928571428571
BHSB,ACTX,0.0
ALWO,AAMO,0.0
BHSC,ACLI,0.0714285714286
BHSC,AERY,0.142857142857
SERRA,AESBL,1.0
BHSC,ATET,0.142857142857
ALWO,AAUG,0.0
ALWO,ACAZ,0.214285714286
ALWO,ACTX,0.214285714286
ALWO,ACXM,0.0
ALWO,ACXT,0.357142857143
AXYL,ACTX,0.928571428571
ROTH,AGEN,0.384615384615
BCER,ATRI,1.0
BHSCG,AMLS,0.692307692308
BHSB,ACONE,0.0
BCER,AMUP,0.846153846154
BCER,AMET,1.0
BCER,AFUS,1.0
BCEP,ACXM,0.307692307692
ROTH,AMUP,1.0
PROTE,A_TIMENTIN,0.0769230769231
ROTH,ARIF,0.0
SORA,AMLS,0.846153846154
ROTH,ATRI,0.846153846154
ALWO,AAZT,0.769230769231
A_ANAEROBE,AAUG,0.384615384615
SHAEM,AMLS,0.384615384615
SPARAS,APEN,0.5
BREVI,AVAN,0.0
SPARAS,ACLI,0.333333333333
SPARAS,AERY,0.666666666667
BCER,AVAN,0.0
SPARAS,ATEI,0.0
SPARAS,AVAN,0.0
CORYN,AMLS,0.833333333333
BFRA,ATAZ,0.0833333333333
CAMPY,AERY,0.0
PSEUD,A_TIMENTIN,0.5
HINF,ACIP,0.0
SERRA,A_CEFPODOX,0.0
SERRA,AIMP,0.0
SSAL,AMLS,0.833333333333
CAMPY,ACIP,0.5
AEROM,AAMI,0.0
AEROM,ACTX,0.0833333333333
ROTH,ACIP,0.833333333333
AEROM,AMER,0.0833333333333
AEROM,AGEN,0.0
AEROM,ACXT,0.25
AHS,ALEV,0.333333333333
AEROM,ACXM,0.0833333333333
AEROM,ATAZ,0.0833333333333
AEROM,ACAZ,0.166666666667
BCEP,ATIG,0.166666666667
ALWO,ACOL,0.0
BCEP,ATRI,0.0833333333333
AEROM,AAUG,0.583333333333
A_ANAEROBE,ACLI,0.454545454545
ECOL,ACPO,0.909090909091
AEROM,ATEM,0.0909090909091
AEROM,AAMO,1.0
AEROM,AERT,0.545454545455
BCEP,AAZT,0.545454545455
NMEN,ACIP,0.0
A_ANAEROBE,ATAZ,0.181818181818
BCEP,AERT,0.454545454545
AEROM,ACIP,0.0
SMIT,ATET,0.454545454545
COLIF,AAMPC,0.727272727273
A_SVIRIDANS,ATET,0.363636363636
CALB,AFLUZ,0.0
SANG,ATET,0.272727272727
CALB,AITR,0.0
CALB,AFLUC,0.0
CALB,ACAS,0.0
CALB,APCZ,
CALB,AAMPH,0.0
ABAU,ACOT,0.454545454545
CALB,AVOR,0.0
A_SMUTANS,ATET,0.0
CJEJ,ANAL,0.363636363636
CJEJ,ACIP,0.363636363636
CJEJ,AERY,0.0
CALB,AMF,0.0
AEROM,AAZT,0.1
VIRST,ATET,0.1
SLUG,AMUP,0.0
SLUG,ATRI,0.8
SLUG,ATET,0.0
SLUG,ARIF,0.0
BACIL,ATEI,0.0
CITRO,AAMPC,0.4
RRAD,AAMO,0.6
CAMPY,ANAL,0.6
AHS,AOXA,0.4
SAGA,ACLI,0.2
RRAD,ATAZ,0.2
SLUG,APEN,0.5
RRAD,ACAZ,0.9
RRAD,AGEN,0.1
ROTH,AFUS,0.0
MCAT,ACXM,0.2
MCAT,AAUG,0.1
MCAT,AAMO,0.7
AXYL,AIMP,0.0
CITRO,AESBL,0.5
BCEP,ACTX,0.4
RRAD,ACXT,0.1
RRAD,ACXM,0.0
RRAD,ACTX,0.0
RRAD,ACIP,0.0
RRAD,AMER,0.0
SAGA,AERY,0.5
SLUG,AMET,0.4
SAGA,ATEI,0.0
ACHRO,ATAZ,0.0
ACINE,AAMPC,0.7
ACINE,AESBL,0.8
ACHRO,AGEN,0.7
A_ANAEROBE,APEN,0.7
ACHRO,ACIP,0.8
ACHRO,ACAZ,0.2
STAPH,AMET,0.6
HINF,AERY,0.9
SAGA,AVAN,0.0
ACHRO,AMER,0.0
SHAEM,AVAN,0.0
SAGA,ATET,0.9
SLUG,ACIP,0.1
SAGA,APEN,0.0
PSEUD,ATEM,1.0
SLUG,ACLI,0.0
SPARAS,ATET,0.5
PSEUD,AERT,0.8
SLUG,AERY,0.0
SLUG,AFUS,0.0
SLUG,AGEN,0.0
BHSA,AAMO,0.0
BHSA,ACTX,0.0
BHSA,ACONE,0.0
A_RAOULTEL,ACXM,0.222222222222
A_RAOULTEL,ACTX,0.222222222222
A_RAOULTEL,AMER,0.0
A_RAOULTEL,AGEN,0.111111111111
A_RAOULTEL,ACAZ,0.222222222222
A_RAOULTEL,ATAZ,0.0
A_RAOULTEL,ACIP,0.111111111111
A_RAOULTEL,ACXT,0.111111111111
RRAD,ACOL,0.111111111111
A_RAOULTEL,AAMO,1.0
PSTU,AAMI,0.0
COLIF,AESBL,0.555555555556
FNEC,AMTZ,0.0
SCON,APEN,0.0
SPYO,ACLI,0.222222222222
SPYO,AERY,0.222222222222
SPYO,APEN,0.0
SCON,AERY,0.111111111111
SALMO,AIMP,0.0
RRAD,ATOB,0.888888888889
RRAD,AAUG,0.0
RRAD,AAMI,0.222222222222
LMON,APEN,0.222222222222
QGPCN,AMLS,0.777777777778
BHSG,AVAN,0.0
PSTU,ATOB,0.111111111111
PSTU,ATAZ,0.111111111111
PSTU,AMER,0.111111111111
PSTU,AGEN,0.0
PSTU,ACIP,0.111111111111
PSTU,ACAZ,0.0
PSTU,AAZT,0.333333333333
A_RAOULTEL,AAUG,0.222222222222
CKOS,AAMPC,0.888888888889
A_LACTOBAC,APEN,0.888888888889
ACHRO,AAMI,0.666666666667
A_LACTOBAC,ACLI,0.222222222222
A_LACTOBAC,AERY,0.111111111111
ACHRO,ATOB,0.777777777778
ACHRO,AAZT,1.0
BHSG,ATEI,0.0
LMON,ACIP,1.0
A_LACTOBAC,AGEN,0.25
QGNBN,ACOL,0.125
ACHRO,ATIG,0.125
QGPCA,ACLI,0.25
BACTE,ACLI,0.75
A_LACTOBAC,AFUS,0.875
CITRO,AIMP,0.0
BACTE,AAUG,0.25
CNS,ACXT,0.875
LMON,AGEN,0.0
ACHRO,ACOL,0.125
QGNBN,AAMI,0.0
QGNBN,AAMO,0.875
SALMO,AAMPC,1.0
MMOR,AESBL,1.0
A_SBOVIS,ATET,0.875
SCON,AVAN,0.0
MORAX,ACXM,0.0
SCON,ATET,0.125
SCON,ATEI,0.0
QGNBN,ACAZ,0.125
SPYO,AVAN,0.0
ACHRO,ATRI,1.0
SALMO,A_CEFPODOX,0.0
QGNBN,ACXM,0.375
QGNBN,AAZT,0.125
QGNBN,ACIP,0.25
SCON,ACLI,0.0
ACHRO,AAMO,0.625
ACHRO,AAUG,0.125
QGNBN,AAUG,0.5
MMOR,AIMP,0.0
QGPCA,AVAN,0.0
MORAX,AAUG,0.0
RMUC,ATEI,0.0
QGPCA,APEN,0.625
QGPCA,AGEN,0.125
CKOS,AESBL,1.0
A_LACTOBAC,AVAN,0.875
CALB,AAND,0.0
SLUG,AVAN,0.0
AEROM,ATOB,0.375
QGNBN,AGEN,0.125
A_LACTOBAC,ATET,0.25
CFRE,AESBL,0.5
ACHRO,ACXM,1.0
EGAL,AAMO,0.285714285714
SALMO,AESBL,1.0
QGNBN,ATRI,0.375
QGNBN,ATOB,0.125
CITRO,A_CEFPODOX,0.25
ACHRO,ACXT,1.0
QGNBN,ATIG,0.0
ENTC,A_SULPHAME,1.0
ACHRO,ATEM,1.0
QGNBN,ATEM,0.125
QGNBN,AERT,0.0
QGNBN,ACXT,0.375
PSEUD,ATIG,0.375
AEROM,ATRI,0.0
QGNBN,ATAZ,0.25
QGNBN,AMER,0.0
PSTU,ACOL,0.125
PMIR,ACONE,0.0
QGPCA,AERY,0.375
DACI,ACAZ,0.0
DACI,AAZT,0.571428571429
A_SBOVIS,ATEI,0.0
A_SBOVIS,ACLI,0.142857142857
DACI,AAUG,0.285714285714
A_SBOVIS,AVAN,0.0
A_SBOVIS,AERY,0.142857142857
SPYO,ATEI,0.0
A_SBOVIS,APEN,0.0
DACI,ACTX,0.0
ACHRO,AERT,0.0
MMOR,A_CEFPODOX,0.142857142857
DACI,ACOL,0.857142857143
DACI,ACIP,0.0
ACHRO,ACTX,1.0
RMUC,ATRI,0.857142857143
A_LACTOBAC,AMET,0.857142857143
MCAT,ACLA,0.142857142857
DACI,ATEM,0.142857142857
DACI,ATAZ,0.0
DACI,AMER,0.0
DACI,AGEN,1.0
HALV,ATRI,0.285714285714
HALV,ATOB,0.0
DACI,AAMO,1.0
RMUC,ARIF,0.0
MCAT,ACIP,0.0
A_LACTOBAC,ACIP,0.857142857143
A_ANAEROBE,AMER,0.142857142857
HALV,ATIG,0.0
DACI,ACXT,0.0
HALV,ATEM,0.285714285714
DACI,ATOB,1.0
DACI,ACXM,0.428571428571
A_LACTOBAC,ATRI,0.142857142857
BHSB,ALIN,0.0
DACI,ATRI,0.857142857143
DACI,AERT,0.571428571429
PAER,AAMO,1.0
HALV,ACAZ,0.285714285714
LFC,AAZT,0.428571428571
LFC,ACAZ,0.428571428571
QGPCA,ATET,0.571428571429
LFC,ACTX,0.428571428571
LFC,ACXM,0.428571428571
LFC,ACXT,0.285714285714
LFC,AERT,0.285714285714
LFC,AMER,0.285714285714
LFC,ATAZ,0.428571428571
LFC,ATEM,0.285714285714
HALV,AAMI,0.0
HALV,AAMO,0.714285714286
HALV,AAUG,0.857142857143
HALV,AAZT,0.285714285714
DACI,AAMI,1.0
LFC,ATIG,0.285714285714
AEROM,ACOL,0.0
LFC,AAUG,0.571428571429
LFC,ATRI,0.428571428571
LFC,AAMO,0.714285714286
RRAD,AAZT,1.0
PAER,AAUG,1.0
EGAL,AVAN,0.285714285714
EGAL,ATEI,0.142857142857
EGAL,ALIN,0.0
EGAL,AGEN,0.0
RRAD,AERT,0.0
AEROM,ATIG,0.428571428571
PAER,ACTX,1.0
RRAD,ATEM,0.285714285714
RRAD,ATIG,0.0
PSEUD,ATRI,0.857142857143
PAER,ACXM,1.0
RRAD,ATRI,1.0
PAER,ACXT,1.0
LFC,ATOB,0.285714285714
A_LACTOBAC,AMUP,1.0
HALV,ACIP,0.0
A_RAOULTEL,ATEM,0.142857142857
HALV,ATAZ,0.0
HALV,AMER,0.285714285714
NEISS,ACHL,0.0
HALV,AGEN,0.0
HALV,AERT,0.285714285714
LMON,AVAN,0.0
NEISS,ACTX,0.714285714286
HALV,ACXT,0.285714285714
HALV,ACTX,0.285714285714
RMUC,AGEN,0.142857142857
HALV,ACXM,0.285714285714
LMON,AERY,0.0
BACTE,ATAZ,0.428571428571
SALMO,AAZI,0.0
RMUC,ACIP,0.285714285714
QGNBA,ACIP,0.428571428571
LMON,AFUS,1.0
BACIL,AMER,0.0
RMUC,AMUP,1.0
PAENI,ACIP,0.0
CITRO,ACOT,0.0
LMON,ACLI,1.0
BACIL,ACXT,0.333333333333
QGNBA,AGEN,0.166666666667
BACIL,ACTX,0.5
MCAT,ATET,0.166666666667
BACIL,ALIN,0.0
BACIL,AMLS,1.0
LMON,ATRI,0.0
LMON,AMET,1.0
A_LACTOBAC,ARIF,0.5
ACINE,A_TIMENTIN,0.166666666667
LMON,ATET,0.0
BACIL,ATAZ,0.0
BACIL,AAUG,0.0
BACIL,ACAZ,0.666666666667
SMIT,AMLS,1.0
QGPCA,ATEI,0.0
PAENI,AGEN,0.0
BACIL,AAMO,0.0
SGOR,ACLI,0.0
BACIL,ACXM,0.5
SSAN,AMLS,0.833333333333
SGOR,APEN,0.0
PROPI,ACLI,0.333333333333
STREP,ALIN,0.0
BHSG,AMLS,0.333333333333
STREP,AGEN,0.0
NHS,APEN,0.0
NHS,ACLI,0.0
CSTR,AMUP,1.0
CSTR,APEN,0.666666666667
CSTR,ATET,0.333333333333
CSTR,ATRI,0.666666666667
QGNBA,ATRI,0.5
NFLA,ACXM,0.666666666667
NEISS,APEN,1.0
NEISS,ANAL,0.0
SSAP,ATRI,0.0
SSAP,ATET,0.0
NHS,AVAN,0.0
CSTR,AGEN,0.0
SSAP,APEN,1.0
RORN,ATAZ,0.0
CPER,ACLI,0.333333333333
PROPI,ATET,0.5
ABAU,A_TIMENTIN,0.333333333333
VIRST,AMLS,0.833333333333
VEILL,AMTZ,0.0
ROTH,ACXT,0.0
CSTR,ACIP,0.666666666667
PAENI,ATRI,0.5
RORN,ATRI,0.0
CSTR,ACLI,0.666666666667
RORN,ATOB,0.0
RORN,ATIG,0.0
CSTR,AERY,0.333333333333
CSTR,AFUS,0.833333333333
RORN,ATEM,0.0
SSAP,ARIF,0.0
CSTR,ARIF,0.0
NEISS,ACXM,0.833333333333
SSAP,ACLI,0.166666666667
RORN,AERT,0.0
RORN,ACTX,0.0
RORN,ACIP,0.0
SSAP,AMUP,0.166666666667
RORN,AGEN,0.0
RORN,ACAZ,0.0
RORN,AAZT,0.0
RORN,AAUG,0.0
DACI,ATIG,0.0
RORN,AAMO,1.0
RORN,AAMI,0.0
SGOR,AVAN,0.0
RORN,ACXT,0.0
SSAP,ACIP,0.0
RORN,ACXM,0.0
MORAX,AAMO,0.0
SSAP,AMET,0.833333333333
SSAL,AGEN,0.0
SSAP,AERY,0.166666666667
SSAP,AGEN,0.0
SSAP,AFUS,0.666666666667
CIND,AAZT,1.0
A_GMORBILLO,ATEI,0.0
CIND,AAMI,1.0
A_AGNB,AMTZ,0.2
CIND,ACIP,0.2
A_GMORBILLO,AVAN,0.0
A_GMORBILLO,APEN,0.0
PSEUD,A_CEFPODOX,0.6
CIND,ACAZ,0.2
ENTC,ACLI,0.4
PAER,AERT,1.0
ROTH,ATEI,0.0
CJEI,ACIP,1.0
A_GMORBILLO,AERY,0.4
QGPCA,ARIF,0.0
A_MICROBAC,AFUS,1.0
QGPCA,ATRI,0.4
A_MICROBAC,APEN,1.0
A_EAVIUM,AVAN,0.0
A_EAVIUM,ATEI,0.0
CIND,ATOB,1.0
A_MICROBAC,ATRI,0.8
HALV,ACOL,0.2
CIND,ATAZ,0.0
CIND,AMER,0.0
CIND,ACOL,1.0
A_MICROBAC,ATET,0.0
A_MICROBAC,ARIF,1.0
CIND,AGEN,1.0
A_MICROBAC,ACIP,0.8
PAER,ATEM,1.0
BHSCG,AAMO,0.0
A_MICROBAC,AMUP,0.8
QGPCA,AMUP,0.2
BHSC,AVAN,0.0
A_MICROBAC,AMET,1.0
A_MICROBAC,AGEN,0.0
BHSC,AMLS,1.0
A_MICROBAC,AERY,0.0
A_MICROBAC,ACLI,0.8
CJEI,APEN,1.0
A_AODONTOLY,APEN,0.4
LMON,ARIF,0.2
QGPCA,AMET,1.0
A_AODONTOLY,ACLI,0.4
MORAX,ATET,0.0
MMOR,ACOT,0.4
A_SPA,ACIP,0.6
NLF,ACXT,0.2
PROPI,AERY,0.4
NLF,AERT,0.4
NLF,AGEN,0.2
QGNBN,ACTX,0.2
A_STYPHI,AAMI,0.0
A_STYPHI,AAMO,0.0
A_STYPHI,AAUG,0.0
A_STYPHI,AAZT,0.0
A_STYPHI,ACAZ,0.0
A_STYPHI,ACIP,0.4
PROPI,AFUS,0.2
A_STYPHI,ACTX,0.0
A_STYPHI,ACXM,0.0
A_STYPHI,ACXT,0.0
A_STYPHI,AERT,0.0
A_STYPHI,AGEN,0.0
NLF,AMER,0.0
A_STYPHI,ATAZ,0.0
A_STYPHI,ATEM,0.0
A_PROVIDEN,ACXM,0.0
NEISS,ACIP,0.4
NFLA,AAMO,0.6
A_STYPHI,ATRI,0.0
NFLA,AAUG,0.6
NLF,ACOL,0.25
NLF,ACIP,0.2
A_PROVIDEN,ACTX,0.0
A_PROVIDEN,ACIP,0.0
A_PROVIDEN,ACAZ,0.0
A_PROVIDEN,AGEN,0.2
A_PROVIDEN,AAUG,1.0
A_PROVIDEN,AMER,0.0
A_PROVIDEN,ATAZ,0.0
NLF,ACAZ,0.2
NLF,AAZT,0.4
NLF,AAUG,0.4
NLF,ACXM,0.2
NLF,AAMO,0.6
CSTR,AMET,0.0
NLF,AAMI,0.2
NHS,ATET,0.2
NHS,ATEI,0.0
PROPI,ACIP,0.8
NHS,AERY,0.0
STREP,AAMO,0.0
A_RAOULTEL,AERT,0.0
A_PROVIDEN,AAMO,0.8
A_AODONTOLY,AERY,0.4
NFLA,ACLA,0.8
A_STYPHI,ATOB,0.0
A_STYPHI,ATIG,0.0
SSAL,ALIN,0.0
PROPI,AMUP,1.0
ABAU,AESBL,1.0
QGPCA,ACIP,0.2
LMON,AMUP,1.0
ABAU,AAMPC,0.6
PBIV,AMTZ,0.0
PROPI,APEN,0.2
PROPI,ARIF,0.2
PROPI,ATRI,0.8
LFC,AGEN,0.0
LFC,ACIP,0.6
LFC,AAMPC,0.8
A_AODONTOLY,ATET,0.0
LFC,AAMI,0.0
ECLO,ACONE,0.0
QGPCA,AFUS,0.4
BACIL,ATEM,0.8
A_PROVIDEN,ACXT,0.0
PROPI,AGEN,0.6
CPER,APEN,0.2
NLF,ATAZ,0.0
NLF,ATRI,0.6
NLF,ATOB,0.2
NLF,ATIG,0.0
BACIL,AERT,0.0
DIPHT,AMLS,0.8
NLF,ATEM,0.2
A_SVIRIDANS,AMLS,1.0
QGNBA,AERT,0.25
PSTUA,ATIG,0.25
PSTUA,AGEN,0.0
A_KKINGAE,ACXM,0.0
PSTUA,AERT,0.0
A_ACTINOMY,ACIP,1.0
SINT,APEN,0.0
SINT,ACLI,0.25
SINT,AERY,0.25
A_ACOCCUS,AMTZ,0.25
CGLA,AITR,1.0
SINT,ATET,0.25
SINT,AVAN,0.0
PSTUA,ACXT,0.0
PSTUA,AMER,0.0
CPER,AAUG,0.0
A_KKINGAE,AAUG,0.0
CFET,ACIP,1.0
A_CHOMINIS,ACXT,0.0
EGAL,ATET,1.0
A_MAHS,APEN,0.25
CFET,AERY,0.0
COLIF,A_TIMENTIN,0.5
PSTUA,ATEM,0.0
CFET,ANAL,1.0
QGNBA,ACXM,0.25
PSTUA,ATAZ,0.0
A_CHOMINIS,AGEN,0.0
CGLA,AFLUC,0.0
A_CHOMINIS,AERT,0.0
A_CHOMINIS,ACXM,0.0
A_CHOMINIS,AMER,0.0
QGNBA,AAMO,0.75
CGLA,AMF,
PSTUA,ATRI,0.5
SGOR,AERY,0.5
SERRA,A_TIMENTIN,0.0
A_CHOMINIS,AAMO,0.0
A_CHOMINIS,AAMI,0.0
ECASS,AAMO,0.0
QGNBA,ACAZ,0.25
ECASS,ALIN,0.0
SALMO,ACOT,0.0
SALMO,ARIF,1.0
QGNBA,AAZT,0.25
A_ACTINOMY,AGEN,0.25
ECASS,ATEI,0.0
A_ACTINOMY,AMTZ,1.0
CIND,ATIG,1.0
A_ACTINOMY,AMUP,1.0
ECASS,ATET,0.0
ECASS,AVAN,0.0
QGNBA,AAUG,0.5
A_GPCSIBB,ATET,0.25
A_GPCSIBB,AAMO,0.25
A_ACTINOMY,ARIF,0.5
A_ACTINOMY,ATRI,1.0
CJEI,AVAN,0.0
A_GPCSIBB,AGEN,0.0
QGNBA,AAMI,0.0
SERRA,ACOT,0.25
CIND,ATRI,0.0
A_CHOMINIS,ATAZ,0.0
CGLA,APCZ,
CIND,AAMO,1.0
CGLA,AVOR,0.0
SHAEM,ACXT,0.5
PSTUA,ATOB,0.25
A_CHOMINIS,ACTX,0.0
CSTR,AVAN,0.0
SGOR,ATET,0.5
QGNBA,ACOL,0.0
CLOST,ATAZ,0.25
CLOST,APEN,0.25
CLOST,ACLI,0.5
SGOR,ATEI,0.0
CLOST,AAUG,0.25
A_CHOMINIS,ACOL,0.0
CIND,ATEM,1.0
CIND,AAUG,0.0
A_CHOMINIS,ACIP,0.0
SANG,AMLS,1.0
QGNBA,ACXT,0.5
A_CHOMINIS,AAZT,1.0
CIND,ACXM,1.0
PAER,ATRI,1.0
CIND,ACXT,0.0
CIND,AERT,1.0
A_CHOMINIS,AAUG,0.0
A_CHOMINIS,ACAZ,1.0
PAER,ATIG,1.0
CNS,A_SULPHAME,0.0
A_CHOMINIS,ATEM,0.0
PAENI,ATET,0.0
RMUC,AFUS,0.0
PAENI,AMET,0.75
A_EAVIUM,ATET,1.0
A_EAVIUM,ALIN,0.0
A_EAVIUM,AGEN,0.0
A_SPA,AGEN,0.0
A_EAVIUM,AAMO,0.0
PAENI,AFUS,0.75
BHSCG,ACTX,0.0
A_CLUSITANI,AAMPH,0.0
A_CLUSITANI,ACAS,0.0
PAENI,AERY,0.75
A_CLUSITANI,AFLUC,0.0
BFRA,AAMO,0.75
A_CLUSITANI,AFLUZ,0.0
PAENI,AMUP,1.0
A_CHRYSEOB,ATEM,1.0
A_CHRYSEOB,ATAZ,0.0
PAENI,APEN,0.75
SMIL,AAMO,0.0
PAENI,ARIF,0.25
HPIN,ATET,0.0
HPIN,ANAL,0.0
A_CHRYSEOB,AMER,0.5
HPIN,ACXM,0.0
HPIN,AAUG,0.0
SPARAS,AMLS,0.75
A_CHRYSEOB,AGEN,0.25
HINF,ALEV,0.0
RORN,ACOL,0.0
A_CHRYSEOB,AERT,1.0
BHSC,ATEI,0.0
A_CLUSITANI,AITR,0.0
PAENI,ACLI,0.75
A_CLUSITANI,APCZ,
PPUT,ATAZ,0.25
AEROC,AERY,0.75
PPUT,ACIP,0.0
PPUT,AGEN,0.0
PPUT,AMER,0.25
PPUT,ACAZ,0.0
BACTE,APEN,1.0
LMON,AAMO,0.0
AEROC,APEN,0.5
AEROC,ATET,0.0
AEROC,AVAN,0.0
AEROM,ACOT,0.0
BCER,AAMO,1.0
BCER,ACHL,0.0
BCER,ACTX,1.0
BCER,ALIN,0.0
A_STYPHI,ACOL,0.0
MCAT,ACTX,0.0
BCER,AMLS,1.0
BCER,AMOX,0.0
SPNE,ARIF,0.0
BCER,ATEI,0.0
AEROM,AIMP,0.0
PACN,AGEN,0.0
PPUT,ATOB,0.0
A_CMINUTISS,ACIP,0.0
MCAT,ANAL,0.0
PACN,ARIF,0.0
QGNBA,AMER,0.0
AEROM,A_CEFPODOX,0.0
A_STYPHI,AMER,0.0
BHSCG,ACONE,0.0
HPIN,AAMO,0.0
BOVA,AMTZ,0.0
PSTUA,ACIP,0.25
NEISS,AAMO,0.75
NEISS,AAUG,0.75
A_GMORBILLO,ATET,0.0
PSTUA,ACTX,0.0
RORN,AMER,0.0
NEISS,ARIF,1.0
QGNBA,ATOB,0.25
QGNBA,ATIG,0.0
NFLA,ATET,0.5
QGNBA,ATEM,0.25
A_PROVIDEN,A_CEFPODOX,0.0
A_PROVIDEN,AIMP,0.0
QGNBA,ATAZ,0.0
A_PROVIDEN,ACOL,1.0
NLF,ACTX,0.25
A_PROVIDEN,AAMI,0.0
PROPI,AMET,0.25
A_CHRYSEOB,AAMO,0.75
A_CHRYSEOB,AAMI,0.25
NMEN,ACONE,0.0
PROPI,AVAN,0.0
A_CHOMINIS,ATRI,1.0
PSTUA,ACXM,0.0
A_CHOMINIS,ATOB,0.0
A_CHOMINIS,ATIG,0.0
PSTUA,ACOL,0.75
CAMPY,AAMO,0.25
MORAX,ACIP,0.0
A_CHRYSEOB,ACTX,0.5
A_CHRYSEOB,AAUG,0.5
A_CHRYSEOB,AAZT,1.0
A_CHRYSEOB,ACAZ,0.5
A_SBOVIS,AGEN,0.25
A_CHRYSEOB,ACIP,0.25
A_CHRYSEOB,ACOL,1.0
A_SPA,AAMO,0.0
PSTUA,AAMI,0.0
A_CHRYSEOB,ACXM,0.5
ALWO,AAMPC,0.5
HAEMO,AAMO,0.25
HAEMO,AAUG,0.0
A_CHRYSEOB,ACXT,0.5
HAEMO,ACXM,0.0
A_GMORBILLO,ACLI,0.5
LMON,ACOT,0.0
PSTUA,AAZT,0.0
PSTUA,ACAZ,0.0
MORAX,ANAL,0.5
PSTUA,AAMO,1.0
PSTUA,AAUG,1.0
NEISS,ACLA,0.666666666667
PACN,AMET,0.0
QGPCA,AAMO,0.333333333333
A_ARADIORES,AAUG,0.0
A_ARADIORES,ACOL,0.0
PACN,ACIP,0.333333333333
QGPBA,APEN,0.0
A_ARADIORES,AAMO,0.0
A_ARADIORES,ACTX,0.333333333333
A_ARADIORES,AAMI,0.0
A_ARADIORES,AERT,1.0
A_AODONTOLY,ATRI,1.0
MORAX,ACTX,0.0
A_ARADIORES,ACXT,0.0
MICROC,AAMO,0.0
A_CHRYSEOB,ATIG,0.333333333333
PACN,ACLI,0.0
NFLA,ACTX,0.333333333333
PACN,AERY,0.0
A_ARADIORES,AAZT,1.0
PACN,AFUS,0.0
NFLA,ANAL,0.0
QGNBN,ACONE,0.0
A_ARADIORES,ACIP,0.0
MMOR,A_TIMENTIN,0.0
QGNBN,AAMPC,0.333333333333
A_ARADIORES,ACAZ,0.0
A_CHRYSEOB,ATOB,1.0
A_CLUSITANI,AVOR,0.0
CPER,ATAZ,0.0
A_CHRYSEOB,ATRI,0.333333333333
A_GNBSIBB,ATRI,0.0
A_ARADIORES,AGEN,0.0
A_BIFIDOBA,ARIF,0.0
EMEN,AAMI,1.0
A_GNBSIBB,ACIP,0.0
A_GNBSIBB,ACAZ,0.0
A_GNBSIBB,AAZT,0.0
A_GNBSIBB,AAUG,0.0
A_BIFIDOBA,ACIP,1.0
A_GNBSIBB,AAMO,1.0
A_GNBSIBB,AAMI,0.0
A_BIFIDOBA,ACLI,0.0
A_BIFIDOBA,AERY,0.0
A_BIFIDOBA,AFUS,1.0
RRAD,AIMP,0.0
QGNBA,AERY,0.666666666667
A_BIFIDOBA,AGEN,0.333333333333
A_BIFIDOBA,AMET,0.666666666667
RRAD,A_CEFPODOX,0.0
A_FUSOBACT,AMTZ,0.0
EFAM,APEN,1.0
A_BIFIDOBA,AMUP,1.0
EMEN,AAUG,1.0
EMEN,AAZT,1.0
A_GNBSIBB,ACOL,0.0
A_GNBSIBB,AGEN,0.0
A_GNBSIBB,ATOB,0.0
EMEN,ATIG,0.333333333333
EMEN,ATEM,1.0
A_GNBSIBB,ATIG,0.0
EMEN,AMER,1.0
A_GNBSIBB,ATEM,0.333333333333
A_GNBSIBB,ATAZ,0.0
A_GNBSIBB,AMER,0.0
EMEN,AERT,1.0
EMEN,ACAZ,1.0
A_GNBSIBB,AERT,0.0
EMEN,ACXT,0.666666666667
A_GNBSIBB,ACXT,0.0
A_GNBSIBB,ACXM,0.0
EMEN,ACXM,1.0
EMEN,ACTX,1.0
A_GNBSIBB,ACTX,0.0
EMEN,ACOL,1.0
A_BIFIDOBA,APEN,0.666666666667
A_BIFIDOBA,ATET,0.0
A_ARADIORES,AMER,0.0
SAGA,AMLS,1.0
PACN,ATET,0.0
A_CSEPTICUM,AMTZ,0.0
A_CMINUTISS,AVAN,0.0
A_CMINUTISS,APEN,0.666666666667
A_ASCHAALII,ACLI,0.666666666667
A_CMINUTISS,AMET,0.0
A_ASCHAALII,ACIP,1.0
EMEN,ATOB,1.0
PACN,APEN,0.0
PACN,AMUP,1.0
QGPCA,AMLS,0.666666666667
QGPCA,ALIN,0.0
A_ARADIORES,ATRI,1.0
A_GPCSIBB,AVAN,0.0
A_ARADIORES,ATOB,0.0
A_ARADIORES,ATIG,0.0
A_ARADIORES,ATEM,0.333333333333
ECASS,AGEN,0.0
A_ARADIORES,ATAZ,0.0
A_ASCHAALII,AERY,0.666666666667
PACN,ATRI,0.0
A_ASCHAALII,AFUS,0.0
RMUC,AMLS,1.0
EFAM,AERY,1.0
A_BIFIDOBA,ATRI,0.666666666667
EFAM,ACLI,1.0
HAEMO,ACIP,0.0
HINF,ACTX,0.0
SAUR,AMOX,0.0
HPIN,AERY,1.0
A_ASCHAALII,ATRI,1.0
RMUC,AMET,0.0
A_ASCHAALII,AGEN,0.0
A_EAVIUM,APEN,1.0
A_EAVIUM,AERY,0.666666666667
A_ASCHAALII,ATET,0.0
A_ASCHAALII,ARIF,0.0
A_ASCHAALII,APEN,0.0
ECOL,AMEC,0.666666666667
A_ASCHAALII,AMUP,1.0
A_ASCHAALII,AMET,0.0
KPNE,AFOS,0.333333333333
A_ARADIORES,ACXM,0.0
A_AODONTOLY,ARIF,0.0
PSTU,ACXM,0.666666666667
AHS,ARIF,0.333333333333
A_MICROBAC,AVAN,0.0
BHSCG,ANIT,0.0
AFAE,ATRI,1.0
AFAE,ATOB,0.0
AFAE,ATIG,0.0
AFAE,ATEM,0.666666666667
AFAE,ATAZ,0.0
AFAE,AMER,0.0
AFAE,AGEN,0.0
AFAE,AERT,0.0
AFAE,ACXT,0.0
AFAE,ACXM,1.0
AFAE,ACTX,0.0
BHSB,AGEN,0.0
A_LRHAMNOSU,ACIP,0.333333333333
AFAE,ACOL,0.0
AFAE,ACIP,1.0
AFAE,ACAZ,0.0
AFAE,AAZT,1.0
AFAE,AAUG,0.0
AFAE,AAMO,0.333333333333
AFAE,AAMI,0.0
AERU,AVAN,0.0
AERU,APEN,0.0
BHSA,AMOX,0.0
SMIL,ACONE,0.0
BHSA,ALEV,0.0
SMIL,ACTX,0.0
AERU,AERY,0.333333333333
AVIR,ACLI,0.0
PSTU,ATEM,0.666666666667
AVIR,APEN,0.333333333333
CAMPY,AAUG,0.0
A_LRHAMNOSU,AERY,0.0
A_LRHAMNOSU,AFUS,1.0
A_LRHAMNOSU,AGEN,0.333333333333
A_LRHAMNOSU,AMET,1.0
A_LRHAMNOSU,AMUP,1.0
A_LRHAMNOSU,APEN,1.0
A_LRHAMNOSU,ARIF,0.0
A_LRHAMNOSU,ATET,0.0
A_LRHAMNOSU,ATRI,0.333333333333
SGOR,AMLS,1.0
CIND,AESBL,1.0
CIND,ACTX,0.0
CGLA,AFLUZ,1.0
CGLA,ACAS,0.0
CGLA,AAMPH,0.0
A_MAHS,ACLI,0.0
A_MAHS,AERY,1.0
A_MAHS,ATEI,0.0
A_MAHS,AVAN,0.0
CFET,AGEN,0.0
SINT,ATEI,0.0
CAMPY,ATRI,0.666666666667
CAMPY,ATEM,0.666666666667
CAMPY,ATAZ,0.666666666667
CAMPY,AGEN,0.0
CAMPY,AERT,0.0
CAMPY,ACXT,0.666666666667
CAMPY,ACXM,0.666666666667
CAMPY,ACAZ,0.666666666667
BFRA,ATET,1.0
A_OANTHROPI,AAMI,0.0
BFRA,APEN,1.0
SSAL,AMOX,0.666666666667
A_SPA,ATOB,0.0
A_SPA,ATIG,0.0
A_SPA,ATEM,0.666666666667
A_SPA,ATAZ,0.0
A_SPA,AMER,0.0
A_SPA,AERT,0.0
A_SPA,ACXT,0.0
A_SPA,ACXM,0.0
A_SPA,ACTX,0.0
A_SPA,ACAZ,0.0
A_SPA,AAZT,0.0
A_SPA,AAUG,0.0
A_SPA,AAMI,0.0
A_SMUTANS,AMLS,1.0
A_SBOVIS,ALIN,0.0
A_SBOVIS,AAMO,0.0
A_RAOULTEL,A_CEFPODOX,0.0
A_RAOULTEL,AIMP,0.0
A_RAOULTEL,ACOL,0.333333333333
A_RAOULTEL,AAZT,0.0
A_RAOULTEL,AAMI,0.0
A_PROVIDEN,ATEM,0.0
A_PROVIDEN,AERT,0.0
A_PROVIDEN,ACOT,0.333333333333
A_PROVIDEN,AAZT,0.0
VEILL,AAUG,0.333333333333
PROPI,AMTZ,0.666666666667
A_PEPTOSTR,AMTZ,0.0
A_PEPTOSTR,AAUG,0.0
A_SPA,ATRI,0.0
SSAL,ALEV,0.666666666667
BFRA,AMER,0.333333333333
A_BSUBTILIS,ATRI,0.0
AERU,ACLI,0.0
A_OANTHROPI,AAUG,0.333333333333
A_OANTHROPI,ACAZ,0.333333333333
A_OANTHROPI,ACIP,0.0
A_OANTHROPI,AGEN,0.0
A_OANTHROPI,AMER,0.0
A_OANTHROPI,ATAZ,0.333333333333
A_OANTHROPI,ATOB,0.333333333333
AEROC,ATEI,0.0
PPUT,AAMI,0.0
PPUT,AAZT,1.0
BACTE,AMER,0.0
PPUT,ACOL,0.0
AEROC,ACLI,0.333333333333
A_BSUBTILIS,ACIP,0.0
A_BSUBTILIS,ACLI,0.666666666667
BACIL,ACOL,0.666666666667
BACIL,AAZT,1.0
BACIL,AAMI,0.0
A_BSUBTILIS,AERY,0.0
A_BSUBTILIS,AFUS,0.666666666667
A_BSUBTILIS,AGEN,0.0
SPYO,AMLS,0.333333333333
A_BSUBTILIS,AMUP,0.0
A_BSUBTILIS,APEN,0.0
A_BSUBTILIS,ARIF,0.666666666667
SPYO,ATET,0.333333333333
SSAL,AAMO,0.0
A_BSUBTILIS,ATET,0.0
A_LRHAMNOSU,ACLI,0.0
PSTU,AIMP,0.333333333333
A_AODONTOLY,AGEN,1.0
A_KKINGAE,AGEN,0.0
A_KKINGAE,AERT,0.0
A_AODONTOLY,AMUP,1.0
A_KKINGAE,AMER,0.0
A_KKINGAE,ACXT,0.0
A_KKINGAE,ACIP,0.0
QGNBA,ACTX,0.333333333333
A_LEUCONOS,AVAN,1.0
A_KKINGAE,ACOL,0.333333333333
A_LEUCONOS,ATET,0.0
A_KKINGAE,ACAZ,0.0
A_LEUCONOS,ATEI,1.0
A_AODONTOLY,ACIP,1.0
A_LEUCONOS,APEN,0.333333333333
A_ACTINOMY,AVAN,0.0
A_KKINGAE,ATRI,1.0
A_KKINGAE,ATAZ,0.0
A_AODONTOLY,AMET,0.0
A_KKINGAE,AAMI,0.0
A_KKINGAE,AAMO,0.0
CJEJ,AMER,0.0
QGNBA,AAMPC,0.333333333333
A_LEUCONOS,ACLI,0.0
A_KKINGAE,ATEM,0.0
A_AODONTOLY,AFUS,0.0
A_LEUCONOS,AERY,0.0
A_KKINGAE,ATIG,0.0
A_KKINGAE,ACTX,0.0
CKOS,ACONE,0.0
A_KKINGAE,AAZT,0.0
A_KKINGAE,ATOB,0.0
LFC,AESBL,0.5
A_ANAEROBE,AIMP,0.0
A_BREVUNDI,AGEN,0.0
LFC,ACOL,0.0
BCEP,ACOT,0.0
A_BREVUNDI,AERT,0.0
A_BREVUNDI,ACXT,1.0
A_BREVUNDI,ATAZ,0.0
A_BREVUNDI,ACXM,1.0
PBIV,ACLI,0.5
A_OANTHROPI,ATEM,0.5
PBIV,AMER,0.0
A_ANAEROBE,ACHL,0.0
A_OANTHROPI,AIMP,0.0
SEPI,ATEI,0.0
SMIT,AGEN,0.0
A_OANTHROPI,AERT,0.0
A_BREVUNDI,AMER,0.0
A_GPCSIBB,AAUG,0.0
PBIV,AAUG,0.0
A_BREVUNDI,ATRI,1.0
PANTO,ATEM,0.0
SPNE,AMLS,1.0
PACN,AMLS,1.0
QGPBA,AVAN,0.0
BACIL,AESBL,0.5
BACIL,AIMP,0.0
A_ANAEROBE,ATET,0.5
CNS,AAMO,1.0
BACIL,ATIG,0.0
BACIL,ATOB,0.5
LMON,ALIN,0.0
BCEP,AAMPC,0.0
A_BREVUNDI,ATOB,0.0
BACIL,A_CEFPODOX,0.0
BACTE,AAMO,1.0
QGNBA,ACLI,0.0
DACI,AESBL,1.0
BACTE,ATET,0.5
CLOST,AAMO,0.5
A_OANTHROPI,ACXM,0.5
A_BREVUNDI,ATIG,0.0
A_BREVUNDI,ATEM,1.0
A_OANTHROPI,ACXT,0.5
BDIM,AAMI,0.0
A_OANTHROPI,ACTX,0.5
BDIM,AGEN,0.0
A_CPSEUDODI,ACLI,0.5
A_CPSEUDODI,AERY,0.5
A_CPSEUDODI,AFUS,0.0
A_CPSEUDODI,AGEN,0.0
A_BREVUNDI,ACTX,0.0
BDIM,ACXM,0.5
A_CPSEUDODI,APEN,0.0
BDIM,ACXT,1.0
BDIM,AERT,1.0
A_CPSEUDODI,ATET,0.0
A_CPSEUDODI,ATRI,1.0
A_CPSEUDODI,AVAN,0.0
BDIM,AMER,0.0
A_CPARAPSIL,AVOR,0.0
BDIM,ATAZ,0.0
BDIM,ATEM,1.0
BDIM,ATIG,0.0
PACN,AVAN,0.0
PAENI,AAMI,0.0
PAENI,AAMO,0.0
PAENI,AAUG,0.0
PAENI,AAZT,1.0
PAENI,ACAZ,0.0
BDIM,ATOB,0.0
A_GPCSIBB,AAMPC,1.0
PAENI,ACOL,0.0
A_CPSEUDODI,ACIP,0.0
A_CPARAPSIL,APCZ,
A_OANTHROPI,ACOT,0.0
KPNE,ACPO,1.0
A_OANTHROPI,ACOL,0.5
A_LACTOBAC,ATEI,1.0
PBIV,APEN,0.5
A_OANTHROPI,AAZT,0.5
KPNE,AIMP,0.0
BACIL,AAMPC,1.0
BDIM,AAMO,1.0
BDIM,AAUG,0.0
A_CMINUTISS,ACLI,1.0
A_CMINUTISS,AERY,1.0
A_CMINUTISS,AFUS,1.0
A_CMINUTISS,AGEN,0.0
BDIM,AAZT,1.0
A_CPARAPSIL,AMF,
A_CMINUTISS,AMUP,1.0
BDIM,ACAZ,1.0
A_CMINUTISS,ARIF,0.0
A_CMINUTISS,ATET,0.0
A_CMINUTISS,ATRI,1.0
BDIM,ACIP,1.0
A_CPARAPSIL,AAMPH,0.0
A_CPARAPSIL,AAND,
A_CPARAPSIL,ACAS,0.0
A_CPARAPSIL,AFLUC,0.0
A_CPARAPSIL,AFLUZ,0.0
A_CPARAPSIL,AITR,0.0
PANTO,ATAZ,0.0
PANTO,AAMO,0.0
MCAT,ACOL,0.0
PANTO,AMER,0.0
NFLA,ARIF,1.0
NFLA,APEN,0.5
ACAV,ACXM,0.5
A_RAOULTEL,ATIG,0.0
A_RAOULTEL,ATOB,0.0
ACAV,ACXT,0.5
ACAV,AERT,0.5
NFLA,ACIP,0.5
ACAV,AGEN,0.0
ACAV,AMER,0.0
ACAV,ATAZ,0.5
NEISS,ATET,0.0
ACAV,ATEM,0.5
ACAV,ATIG,0.0
ACAV,ATOB,0.0
SSAP,AVAN,0.0
SSAP,AMLS,0.5
A_RTERRIGEN,AAMI,0.0
A_RTERRIGEN,AAMO,1.0
A_RTERRIGEN,AAUG,0.0
A_RTERRIGEN,AAZT,0.5
A_RTERRIGEN,ACAZ,0.5
A_RTERRIGEN,ACIP,0.5
MORAX,ATRI,1.0
MORAX,ATOB,0.0
A_RAOULTEL,AESBL,0.5
QGNBA,ATET,0.0
STAPH,AVAN,0.0
ACAV,AAUG,1.0
QGNBA,AMET,1.0
YEAST,ACAS,0.0
ACAV,AAMI,0.0
QGNBA,APEN,1.0
ACAV,AAMO,1.0
A_AODONTOLY,AVAN,0.0
VEILL,ATAZ,0.5
VEILL,AMER,0.0
VEILL,ACLI,0.0
QGNBA,ARIF,0.0
VEILL,AAMO,0.0
A_PROVIDEN,AAMPC,1.0
ACAV,ACIP,0.0
CORYN,ACXT,0.0
A_ARADIORES,AAMPC,1.0
CPER,AAMO,0.0
A_PROVIDEN,AESBL,1.0
ACAV,AAZT,0.5
A_PROVIDEN,ATOB,0.0
NLF,AAMPC,0.5
ACAV,ACAZ,0.5
STREP,AMLS,0.5
A_RAOULTEL,AAMPC,1.0
SAUR,ACONE,0.0
MORAX,ATIG,0.0
A_RTERRIGEN,ACOL,1.0
MORAX,ATEM,0.0
PANTO,ACIP,0.0
A_SPA,ACOL,0.0
A_SPA,ACONE,0.0
CSTR,AMLS,1.0
SSAN,ALEV,0.0
A_CLUSITANI,AAND,
PANTO,ACAZ,0.0
SAUR,ACHL,0.0
A_CLUSITANI,AMF,
PANTO,AAUG,0.0
QGNBN,AESBL,1.0
SAUR,AAMI,0.0
PANTO,ACTX,0.0
A_SPA,ACHL,0.0
PAENI,ACXM,0.0
SANG,AMOX,0.0
PANTO,ACXM,0.0
QGNBA,AMUP,0.0
A_BSUBTILIS,AMET,0.0
ACHRO,AIMP,0.0
QGPBA,ACLI,1.0
MCAT,AERY,0.0
DACI,AAMPC,1.0
PANTO,AERT,0.0
PANTO,AGEN,0.0
MMOR,ACONE,0.0
A_AODONTOLY,AMTZ,1.0
MORAX,ATAZ,0.0
A_RTERRIGEN,AERT,0.0
A_RTERRIGEN,ACTX,0.5
MORAX,AMER,0.0
MORAX,ALEV,0.0
MORAX,AGEN,0.0
MORAX,AERY,0.5
MORAX,AERT,0.0
MORAX,ACXT,0.0
A_RTERRIGEN,ACXM,0.5
A_RTERRIGEN,ACXT,0.0
MORAX,ACOL,0.0
MORAX,ACLA,0.0
MORAX,ACAZ,0.0
SSAN,AMOX,0.0
MORAX,AAZT,0.0
A_RTERRIGEN,AGEN,0.0
A_RTERRIGEN,AMER,0.0
MORAX,AAMI,0.0
A_RTERRIGEN,ATAZ,0.0
A_RTERRIGEN,ATEM,0.0
A_RTERRIGEN,ATIG,0.5
A_RTERRIGEN,ATOB,0.0
CPER,ATET,1.0
ACAV,ATRI,0.0
SSAN,AOXA,0.0
PAENI,ACTX,0.0
BDIM,ATRI,1.0
PAENI,ACXT,1.0
PSTU,ATIG,0.0
CJEJ,ACOL,0.0
CJEJ,ACAZ,0.0
CJEJ,AAZT,1.0
A_MCHELONAE,ATOB,0.5
A_GPCSIBB,ATRI,0.0
CAMPY,AMER,0.0
A_MCHELONAE,AMOX,1.0
ENTAE,ACONE,0.0
A_GPCSIBB,ATOB,0.0
A_GPCSIBB,ATIG,0.0
SLIQ,ACTX,0.0
CAMPY,ATOB,0.0
SLIQ,ACIP,0.0
SLIQ,ACAZ,0.0
SLIQ,AAZT,0.0
EMEN,ATRI,1.0
SLIQ,AAUG,0.5
SLIQ,AAMO,0.5
SLIQ,AAMI,0.0
EMEN,ATAZ,0.0
CJEJ,AAUG,0.0
EMEN,AGEN,1.0
SHAEM,ATEI,1.0
CFET,AAMI,0.0
CFET,AAMO,1.0
CFET,AAUG,0.0
CFET,AAZT,1.0
CAMPY,ACTX,0.5
SLIQ,ACXM,0.5
A_MCHELONAE,A_CEFEPIME,1.0
A_MCHELONAE,A_DOXYCYCL,1.0
A_ESAKAZAKI,ATIG,0.0
A_ESAKAZAKI,ATOB,0.0
A_ESAKAZAKI,ATRI,0.0
ROTH,AMET,0.0
ROTH,AMLS,1.0
PAENI,AERT,0.0
A_FNUCLEATU,AMTZ,0.0
AVIR,AVAN,0.0
AXYL,AAMPC,0.5
PSTU,ATRI,0.5
A_MCHELONAE,A_MINOCYCL,1.0
A_GMORBILLO,AAMO,0.0
AXYL,A_TIMENTIN,0.0
CJEJ,ACTX,0.0
SLIQ,ATRI,0.0
SLIQ,ATOB,0.0
SLIQ,ATIG,0.0
SLIQ,ATEM,0.0
SLIQ,ATAZ,0.0
RRAD,AAMPC,1.0
SLIQ,AMER,0.0
SLIQ,AGEN,0.0
SLIQ,AERT,0.0
CAMPY,AAMI,0.0
CJEJ,ACXM,1.0
SLIQ,ACXT,0.5
EMEN,ACIP,1.0
CFET,ACAZ,0.0
CFET,ACOL,0.0
A_ACTINOMY,AFUS,0.5
A_GPCSIBB,AMER,0.0
SAGA,ALIN,0.0
A_ACTINOMY,ACLI,0.0
A_GPCSIBB,ALIN,0.0
SAGA,AMOX,0.0
CJEJ,AAMI,0.0
A_ACTINOMY,AERY,0.0
A_ASTREPTOC,AMTZ,0.0
CIND,AAMPC,1.0
A_ASCHAALII,AVAN,0.0
A_GPCSIBB,AESBL,1.0
A_GPCSIBB,AERY,0.5
A_GPCSIBB,AERT,0.0
CJEJ,AAMO,0.5
A_GPCSIBB,ACXT,0.0
A_GPCSIBB,ACXM,0.0
A_GPCSIBB,ACTX,0.0
A_GPCSIBB,ACOL,1.0
A_ACTINOMY,ATET,0.0
A_GPCSIBB,ACIP,0.0
ECOL,ACELX,0.0
CITRO,A_TIMENTIN,0.5
A_GPCSIBB,ACAZ,0.0
A_GPCSIBB,AAZT,0.0
A_GPCSIBB,AAMI,0.0
A_ACTINOMY,APEN,0.0
SAGA,ACTX,0.0
A_GPCSIBB,APEN,0.0
CFET,ACTX,1.0
A_MCHELONAE,ALIN,1.0
EMEN,AAMO,1.0
CFET,ACXM,1.0
CFET,ACXT,1.0
RRAD,ACOT,0.0
CFET,AERT,1.0
A_GPCSIBB,ATEM,0.0
CFET,AMER,0.0
CFET,ATAZ,1.0
CFET,ATEM,1.0
CFET,ATIG,0.0
CFET,ATOB,0.0
CFET,ATRI,1.0
RRAD,AESBL,1.0
A_GPCSIBB,ATAZ,0.0
A_MCHELONAE,ACXT,1.0
A_MCHELONAE,ACOT,1.0
A_MCHELONAE,ACONE,1.0
A_MCHELONAE,ACLA,0.0
A_MCHELONAE,ACIP,1.0
A_ACOCCUS,APEN,0.0
A_MCHELONAE,AAMI,0.5
A_MANAEROBE,AMTZ,0.0
A_GPCSIBB,ATEI,0.0
RRAD,A_TIMENTIN,0.0
A_MAHS,ATET,0.0
SAGA,ACHL,0.0
A_ESAKAZAKI,ATEM,0.0
PANTO,ACXT,0.0
CJEJ,ACXT,1.0
BPSE,ACIP,1.0
HINF,AMER,0.0
EASB,ACXT,1.0
EASB,AERT,0.0
EASB,AGEN,0.0
BHSB,ASYN,0.0
EASB,AMER,0.0
HINF,ACONE,0.0
PSTU,ACXT,0.0
EASB,ATAZ,0.0
EASB,ATEM,0.0
EASB,ATIG,0.0
PAENI,ATIG,0.0
PSTU,AERT,0.5
EASB,ATOB,0.0
EASB,ATRI,0.0
CJEJ,ATOB,0.0
CJEJ,ATIG,0.0
A_BREVUNDI,AAUG,0.0
BHSCG,ALIN,0.0
AHS,ACXM,0.0
CJEJ,ATEM,1.0
A_AODONTOLY,ATEI,0.0
AHS,AOPT,1.0
CJEJ,ATAZ,0.0
AHS,ATRI,1.0
BPSE,AAMI,1.0
A_ESAKAZAKI,ATAZ,0.0
BPSE,AAZT,1.0
HALV,AAMPC,0.0
BHSB,AMOX,0.0
EASB,ACXM,0.0
BHSB,ALEV,0.5
A_BREVUNDI,AAZT,1.0
QGPCN,AVAN,0.0
A_BREVUNDI,ACOL,0.0
PAER,A_CEFPODOX,1.0
BFRA,ALIN,0.0
PAENI,AMER,0.0
A_OANTHROPI,AAMO,0.5
PBIV,ATAZ,0.0
DIPHT,AMTZ,1.0
PSTU,AAMO,0.0
PSTU,AAUG,0.0
A_BREVUNDI,ACIP,1.0
SALMO,A_TIMENTIN,0.0
A_BREVUNDI,ACAZ,1.0
A_ARADIORES,AESBL,1.0
EASB,ACTX,0.0
BHSA,ARIF,0.5
AERU,ATEI,0.0
EASB,AAMI,0.0
EASB,AAMO,1.0
CJEJ,ATRI,1.0
PSTU,ACTX,0.0
EASB,AAUG,1.0
PAENI,ATAZ,0.0
EASB,AAZT,0.0
EASB,ACAZ,0.0
EASB,ACIP,0.0
PAENI,ATEM,1.0
EASB,ACOL,0.5
BPSE,ACAZ,0.0
BPSE,AAMO,1.0
HAEMO,ATET,0.0
BREVI,AMLS,0.0
SMAL,ACONE,1.0
GEM,ACLI,0.5
ALWO,AESBL,1.0
BPSE,ACOL,1.0
PAENI,ATOB,0.0
FNEC,ACLI,0.0
A_ESAKAZAKI,AERT,0.0
CJEJ,AERT,0.0
FNEC,AAUG,0.0
CJEJ,AGEN,0.0
A_ESAKAZAKI,AAMI,0.0
A_ESAKAZAKI,AAMO,0.0
A_ESAKAZAKI,AAUG,0.0
A_ESAKAZAKI,AAZT,0.0
A_ESAKAZAKI,ACAZ,0.0
A_ESAKAZAKI,ACIP,0.0
A_ESAKAZAKI,ACOL,0.0
A_ESAKAZAKI,ACTX,0.0
AVIR,AERY,1.0
A_BREVUNDI,AAMI,0.0
QGNBA,AFUS,0.0
A_ESAKAZAKI,ACXM,0.0
A_ESAKAZAKI,ACXT,0.0
GEM,APEN,0.0
A_ESAKAZAKI,AGEN,0.0
GTTN,AITR,0.5
GTTN,AFLUC,0.0
BPSE,AMER,0.0
BPSE,ATAZ,0.0
BPSE,AGEN,1.0
BPSE,ATOB,1.0
BPSE,ACXM,1.0
GTTN,AVOR,0.0
GTTN,APCZ,
GTTN,AMF,
GEM,AVAN,0.0
GTTN,AFLUZ,0.0
GTTN,ACAS,0.0
HAEMO,ACTX,0.0
GTTN,AAND,
GTTN,AAMPH,0.0
A_ESAKAZAKI,AMER,0.0
GHAEM,AVAN,0.0
A_BREVUNDI,AAMO,0.0
GHAEM,APEN,0.0
GHAEM,AERY,0.5
GHAEM,ACLI,0.0
HAEMO,ACLA,1.0
A_BVESICULA,AGEN,0.0
A_BVESICULA,AAMI,0.0
A_BSUBTILIS,AMLS,1.0
A_BSUBTILIS,AVAN,0.0
A_BVESICULA,AERT,0.0
PSEUD,AAMPC,0.0
A_BVESICULA,AAUG,0.0
A_BVESICULA,AAMO,1.0
A_BVESICULA,ACXT,0.0
PROTE,ACONE,0.0
A_BVESICULA,AAZT,1.0
PSTUA,AAMPC,1.0
QGNBA,ACONE,0.0
PSEUD,ACOT,0.0
A_BVESICULA,ACAZ,1.0
A_BVESICULA,ACXM,0.0
A_BVESICULA,ACTX,0.0
A_BVESICULA,ACOL,0.0
A_BVESICULA,ACIP,1.0
PSTUA,AESBL,1.0
A_BMELITENS,ATRI,1.0
A_PASTEURE,ATEM,0.0
QGNBA,ANAL,0.0
SMIT,ACTX,0.0
SMAR,ACONE,0.0
AFAE,AAMPC,1.0
AERU,ATET,0.0
SMIL,AAUG,0.0
AERU,AMLS,1.0
SMIL,AGEN,0.0
SMIL,ALEV,0.0
SMIL,ALIN,0.0
SMIL,AMOX,0.0
AEROM,ANAL,0.0
SMIT,ALEV,0.0
SMAL,A_TIMENTIN,0.0
AEROC,ATRI,1.0
SORA,AAUG,0.0
SORA,ACELX,1.0
SORA,ACXM,0.0
SORA,ALEV,0.0
AEROC,ARIF,0.0
SORA,AMOX,0.0
SORA,ANIT,0.0
AEROC,AMUP,1.0
AEROC,AMLS,1.0
AFAE,AESBL,1.0
AHS,ACHL,0.0
A_ACOCCUS,AVAN,0.0
A_ABIOTROP,ACLI,0.0
A_ACOCCUS,ATEI,0.0
A_ACOCCUS,ACLI,0.0
A_ACOCCUS,AAUG,0.0
A_ABIOTROP,AVAN,0.0
A_ABIOTROP,ATEI,1.0
SLIQ,AAMPC,0.0
SLIQ,ACOL,1.0
SLIQ,AESBL,1.0
A_ABIOTROP,APEN,0.0
A_ABIOTROP,AERY,1.0
AXYL,A_CEFPODOX,1.0
AHS,AMET,0.0
AXYL,ASEP,1.0
SLUG,AMLS,1.0
AXYL,AESBL,1.0
SLUG,AOXA,
AXYL,ACONE,1.0
AVIR,ATET,0.0
AVIR,ATEI,0.0
AVIR,ANIT,1.0
AVIR,AMLS,1.0
AHS,A_SULPHAME,1.0
AEROC,AMET,0.0
AEROC,AGEN,0.0
AEROC,AFUS,0.0
VEILL,ACONE,
SSAN,ANIT,0.0
SSAP,ANOV,1.0
ACAV,AESBL,1.0
ACAV,ACTX,1.0
ACAV,ACONE,0.0
ACAV,ACOL,0.0
STREP,ALEV,0.0
STREP,AMOX,0.0
ACAV,AAMPC,1.0
VEILL,ACHL,0.0
VEILL,AERT,0.0
SPARAS,AGEN,0.0
VEILL,AIMP,0.0
VEILL,ATIG,0.0
ABAU,A_MINOCYCL,0.0
YEAST,AAMPH,0.0
YEAST,AAND,
YEAST,AFLUC,0.0
YEAST,AFLUZ,0.0
YEAST,AITR,0.0
YEAST,AMF,
YEAST,APCZ,
SSAN,AGEN,0.0
SSAN,ACTX,0.0
ACHRO,ACLI,1.0
ACHRO,ACONE,1.0
AEROC,ACTX,0.0
AEROC,ACONE,0.0
AEROC,ACIP,1.0
AEROC,AAMO,0.0
ACINE,A_SULPHAME,0.0
ACINE,ASEP,0.0
ACINE,ACONE,1.0
ACHRO,ATET,0.0
ACHRO,ARIF,1.0
ACHRO,APEN,1.0
SPYO,AAMO,0.0
ACHRO,AMUP,1.0
SPYO,AGEN,0.0
SPYO,ALEV,0.0
SPYO,ALIN,0.0
SPYO,AMOX,0.0
SPYO,AOXA,0.0
ACHRO,AFUS,1.0
ACHRO,AERY,1.0
SSAL,ACTX,0.0
SSAL,AOXA,1.0
A_ACOCCUS,ATET,1.0
A_ACTINOMY,ACXT,0.0
QGNBN,AMTZ,0.0
RORN,AAMPC,1.0
RMUC,AAMO,0.0
A_BMELITENS,ACOL,1.0
RMUC,ACXT,0.0
A_BMELITENS,ACIP,1.0
RMUC,ALEV,1.0
RMUC,ALIN,0.0
RMUC,AMOX,1.0
A_BMELITENS,ACAZ,0.0
A_BMELITENS,AAZT,1.0
A_BMELITENS,AAUG,0.0
RORN,AESBL,1.0
A_BMELITENS,ACXM,0.0
A_BMELITENS,AAMO,0.0
A_BMELITENS,AAMI,0.0
A_BIFIDOBA,AVAN,0.0
A_BCIRCULAN,AVAN,0.0
A_BCIRCULAN,ATET,0.0
A_BCIRCULAN,ATEM,0.0
A_BCIRCULAN,ATEI,0.0
A_BCIRCULAN,ATAZ,0.0
A_BCIRCULAN,APEN,0.0
A_BCIRCULAN,AGEN,0.0
A_BMELITENS,ACTX,0.0
QGPCN,ATEI,0.0
A_ACTINOMY,AMET,0.0
QGPCA,ATIG,0.0
QGPBA,AAMO,0.0
QGPBA,ACIP,0.0
QGPBA,AERY,1.0
QGPBA,AGEN,1.0
QGPBA,ALIN,0.0
QGPBA,ATEI,0.0
QGPBA,ATET,1.0
QGPCA,ACXT,
QGPCA,ANIT,0.0
QGPCA,AOXA,
QGPCN,AAMO,0.0
A_BMELITENS,ACXT,0.0
A_BMELITENS,ATOB,0.0
A_BMELITENS,ATIG,0.0
A_BMELITENS,ATET,0.0
A_BMELITENS,ATEM,1.0
A_BMELITENS,ATAZ,0.0
QGPCN,ALIN,0.0
A_BMELITENS,ANAL,1.0
A_BMELITENS,AMER,0.0
A_BMELITENS,AGEN,0.0
A_BMELITENS,AERT,0.0
A_BCIRCULAN,AERY,1.0
A_BCIRCULAN,ACXM,0.0
A_BCIRCULAN,ACLI,0.0
A_AHAEMOLYT,ATET,0.0
SDYSEQ,AVAN,0.0
A_ANAEROBE,AVAN,0.0
A_ANAEROBE,ATEI,0.0
A_ANAEROBE,ARIF,0.0
SEPI,ALIN,0.0
A_ANAEROBE,ALIN,0.0
A_ANAEROBE,AERY,0.0
A_ANAEROBE,ACXM,0.0
A_AHAEMOLYT,AVAN,0.0
A_AHAEMOLYT,ATRI,1.0
A_AHAEMOLYT,ARIF,0.0
SAGA,AAMO,0.0
A_AHAEMOLYT,APEN,0.0
A_AHAEMOLYT,AMUP,1.0
A_AHAEMOLYT,AMET,0.0
A_AHAEMOLYT,AGEN,0.0
A_AHAEMOLYT,AFUS,1.0
A_AHAEMOLYT,AERY,0.0
A_AHAEMOLYT,ACLI,0.0
A_AHAEMOLYT,ACIP,0.0
A_AGNB,ATAZ,0.0
A_AGNB,AAUG,0.0
SDYSEQ,ATET,1.0
SDYSEQ,ATEI,0.0
SDYSEQ,APEN,0.0
SDYSEQ,AERY,1.0
SAGA,ACIP,0.0
A_BCIRCULAN,ACIP,0.0
A_BCIRCULAN,AAMO,0.0
A_ASTREPTOC,APEN,0.0
A_ASTREPTOC,ACLI,1.0
A_ASTREPTOC,AAUG,0.0
A_ASCHAALII,AMLS,0.0
SALMO,A_SULPHAME,1.0
SANG,AAMO,0.0
SANG,ACONE,0.0
SANG,ACTX,0.0
A_BVESICULA,ATAZ,0.0
SANG,AGEN,1.0
SANG,AOXA,0.0
SAUR,AAUG,
SAUR,ACTX,0.0
SAUR,ATIG,0.0
SCON,AAMO,0.0
SCON,ACONE,0.0
SCON,ACTX,0.0
SDYSEQ,ACLI,0.0
A_BVESICULA,AMER,0.0
KLUYV,ATEM,0.0
A_BVESICULA,ATEM,1.0
CAMA,AMER,0.0
CAMA,AERT,0.0
CAMA,ACXT,0.0
CAMA,ACXM,0.0
CAMA,ACTX,0.0
CAMA,ACOL,0.0
CAMA,ACIP,0.0
CAMA,ACAZ,0.0
CAMA,AAZT,0.0
CAMA,AAUG,0.0
CAMA,AAMO,1.0
CAMA,AAMI,0.0
A_MFORTUITU,AAMI,0.0
A_MFORTUITU,AAUG,1.0
A_MFORTUITU,ACIP,0.0
A_MFORTUITU,ACLA,1.0
A_MFORTUITU,ACONE,1.0
A_MFORTUITU,ACOT,1.0
CAMA,AGEN,0.0
CAMA,ATAZ,0.0
CBRA,AERT,0.0
CAMA,ATEM,0.0
CBRA,ACXM,0.0
CBRA,ACTX,0.0
CBRA,ACOL,0.0
CBRA,ACIP,0.0
CBRA,ACAZ,0.0
CBRA,AAZT,0.0
CBRA,AAUG,1.0
CBRA,AAMPC,0.0
CBRA,AAMO,1.0
CBRA,AAMI,0.0
CAMPY,ATIG,0.0
CAMPY,ATET,1.0
CAMPY,ACOL,0.0
CAMPY,AAZT,1.0
CAMA,ATRI,0.0
CAMA,ATOB,0.0
CAMA,ATIG,0.0
BVUL,AMTZ,0.0
A_MFORTUITU,ACXT,1.0
A_MFORTUITU,AIMP,1.0
A_MFORTUITU,ALIN,1.0
A_MPEREGRIN,ATOB,0.0
BHSB,ARIF,0.0
A_MPEREGRIN,A_CEFEPIME,1.0
BHSB,AOXA,0.0
A_MPEREGRIN,A_DOXYCYCL,1.0
BHSB,AFUS,1.0
A_MPEREGRIN,A_MINOCYCL,1.0
A_MYCOBACT,AAMI,0.0
A_MYCOBACT,ACIP,0.0
A_MYCOBACT,ACLA,0.0
BHSB,ACIP,0.0
BHSB,ACHL,0.0
A_MYCOBACT,ACOT,0.0
A_MYCOBACT,AIMP,0.0
A_MYCOBACT,ALIN,0.0
A_MYCOBACT,AMOX,0.0
A_MYCOBACT,ATOB,0.0
A_MPEREGRIN,AMOX,1.0
BHSB,ATIG,0.0
A_MPEREGRIN,ALIN,1.0
BHSCG,ARIF,
A_MFORTUITU,AMOX,0.0
A_MFORTUITU,ATOB,1.0
A_MFORTUITU,A_CEFEPIME,1.0
A_MFORTUITU,A_DOXYCYCL,0.0
A_MFORTUITU,A_MINOCYCL,0.0
BHSG,ARIF,0.0
BHSCG,ATIG,0.0
A_MPEREGRIN,AAMI,0.0
A_MPEREGRIN,AIMP,1.0
A_MPEREGRIN,AAUG,1.0
BHSCG,AGEN,0.0
A_MPEREGRIN,ACIP,0.0
A_MPEREGRIN,ACLA,0.0
A_MPEREGRIN,ACONE,1.0
A_MPEREGRIN,ACOT,1.0
A_MPEREGRIN,ACXT,1.0
CBRA,ACXT,1.0
CBRA,AGEN,0.0
BHSA,ANIT,0.0
A_KPLANTICO,ATRI,0.0
CNS,ADAP,0.0
CLOST,AVAN,0.0
CLOST,ATET,1.0
CLOST,AMER,0.0
CKRU,AVOR,0.0
CKRU,APCZ,
CKRU,AITR,1.0
CKRU,AFLUZ,1.0
CKRU,AFLUC,1.0
CKRU,ACAS,0.0
CKRU,AAMPH,1.0
A_LEUCONOS,AAMO,0.0
A_LEUCONOS,AGEN,0.0
A_LEUCONOS,ALIN,0.0
A_LISTERIA,ACIP,1.0
A_LISTERIA,APEN,0.0
A_LISTERIA,AVAN,0.0
A_LACTOBAC,AAMO,1.0
A_KPLANTICO,ATOB,0.0
CBRA,AMER,0.0
A_KPLANTICO,ATIG,0.0
A_KPLANTICO,AAMI,0.0
A_KPLANTICO,AAMO,1.0
A_KPLANTICO,AAUG,0.0
A_KPLANTICO,AAZT,0.0
A_KPLANTICO,ACAZ,0.0
A_KPLANTICO,ACIP,0.0
A_KPLANTICO,ACTX,0.0
A_KPLANTICO,ACXM,0.0
A_KPLANTICO,ACXT,0.0
A_KPLANTICO,AERT,0.0
CNS,ATIG,0.0
A_KPLANTICO,AGEN,0.0
A_KPLANTICO,AMER,0.0
A_KPLANTICO,ATAZ,0.0
A_KPLANTICO,ATEM,0.0
CNS,AOXA,0.0
CNS,ANOV,1.0
A_LPARACASE,AAMO,1.0
A_LPARACASE,ACLI,0.0
A_LPARACASE,AERY,0.0
CJEJ,AAZI,0.0
CHAE,AVAN,0.0
CHAE,ATET,0.0
CHAE,ARIF,0.0
CHAE,APEN,0.0
CHAE,ACLI,0.0
CHAE,ACIP,0.0
CGLA,AAND,
A_MANAEROBE,AAUG,0.0
A_MANAEROBE,ACLI,1.0
A_MANAEROBE,APEN,0.0
A_MCHELONAE,AAMO,1.0
A_MCHELONAE,AAUG,1.0
CBRA,ATRI,0.0
CBRA,ATOB,0.0
CBRA,ATIG,0.0
CBRA,ATEM,0.0
CBRA,ATAZ,0.0
CIND,ACONE,1.0
CIND,AIMP,0.0
A_LWADEI,ATAZ,0.0
CJEI,AERY,1.0
CJEI,ATRI,1.0
CJEI,ATET,1.0
CJEI,ARIF,1.0
CJEI,AMUP,1.0
CJEI,AMET,1.0
CJEI,AGEN,1.0
CJEI,AFUS,1.0
CJEI,ACLI,1.0
A_LWADEI,AMTZ,0.0
A_LPARACASE,AGEN,0.0
A_LPARACASE,APEN,1.0
A_LPARACASE,ATEI,1.0
A_LPARACASE,ATET,0.0
A_LPARACASE,AVAN,1.0
A_LWADEI,AAMI,1.0
A_LWADEI,AMER,0.0
BHSA,AOXA,0.0
A_MYCOBACT,A_DOXYCYCL,0.0
A_KKINGAE,ANAL,1.0
A_RPICKETTI,ATAZ,0.0
A_RPICKETTI,AIMP,0.0
A_RPICKETTI,AGEN,0.0
A_RPICKETTI,AESBL,1.0
A_RPICKETTI,ACXT,1.0
A_RPICKETTI,ACXM,1.0
A_RPICKETTI,ACTX,1.0
A_RPICKETTI,ACOT,0.0
A_RPICKETTI,ACOL,1.0
A_RPICKETTI,ACIP,0.0
A_RPICKETTI,ACAZ,1.0
A_RPICKETTI,AAUG,0.0
A_RPICKETTI,AAMPC,0.0
A_RPICKETTI,AAMO,1.0
A_RPICKETTI,AAMI,0.0
A_RHODOCOC,APEN,0.0
A_RAOULTEL,ATRI,0.0
A_PASTEURE,ACIP,0.0
A_RPICKETTI,AMER,0.0
A_RPICKETTI,ATOB,0.0
A_SPAUCIMOB,AIMP,1.0
A_RPICKETTI,A_CEFPODOX,1.0
A_SPAUCIMOB,ACOL,1.0
A_SPAUCIMOB,ACIP,1.0
A_SPAUCIMOB,ACAZ,1.0
A_SPAUCIMOB,AAZT,1.0
A_SPAUCIMOB,AAMI,1.0
A_SPA,ANAL,1.0
A_SPA,AESBL,1.0
A_SPA,AAMPC,1.0
A_PASTEURE,AAMI,0.0
A_PASTEURE,AAMO,0.0
A_PASTEURE,AAMPC,1.0
A_PASTEURE,AAUG,0.0
A_SMUTANS,AGEN,0.0
A_PASTEURE,AAZT,0.0
A_PASTEURE,ACAZ,0.0
A_SBOVIS,AMLS,1.0
A_RPICKETTI,A_TIMENTIN,0.0
A_PASTEURE,ACOL,0.0
A_PASTEURE,ACTX,0.0
A_PASTEURE,ACXM,0.0
A_PASTEURE,ACXT,0.0
A_PPROPIONI,AMUP,1.0
A_PPROPIONI,AMET,0.0
A_PPROPIONI,AGEN,0.0
A_PPROPIONI,AFUS,0.0
A_PPROPIONI,AERY,1.0
A_PPROPIONI,ACLI,1.0
A_PPROPIONI,ACIP,1.0
A_PLILACINU,APCZ,
A_PLILACINU,AMF,
A_PLILACINU,AITR,
A_PLILACINU,AFLUZ,
A_PLILACINU,AFLUC,
A_PLILACINU,AAND,
A_PEPTOSTR,APEN,0.0
A_PEPTOSTR,ACLI,0.0
A_PASTEURE,ATRI,1.0
A_PASTEURE,ATOB,0.0
A_PPROPIONI,APEN,1.0
A_PPROPIONI,ARIF,0.0
A_PPROPIONI,ATET,1.0
A_PROVIDEN,ATRI,1.0
A_PASTEURE,AERT,0.0
A_RAOULTEL,ACOT,0.0
A_PASTEURE,AESBL,1.0
A_PASTEURE,AGEN,0.0
A_PASTEURE,AMER,0.0
A_PASTEURE,ATAZ,0.0
A_PROVIDEN,A_TIMENTIN,0.0
A_PROVIDEN,ATIG,1.0
A_PPROPIONI,ATRI,1.0
A_PREVOTEL,APEN,0.0
A_PREVOTEL,AMTZ,0.0
A_PREVOTEL,AMER,0.0
A_PREVOTEL,ACLI,0.0
A_PREVOTEL,ACIP,1.0
A_PREVOTEL,AAUG,0.0
A_PPROPIONI,AVAN,0.0
A_SPAUCIMOB,AGEN,1.0
A_SPAUCIMOB,AMER,0.0
BHSA,ALIN,0.0
BCEP,AESBL,1.0
A_OANTHROPI,A_CEFPODOX,1.0
A_OANTHROPI,A_TIMENTIN,1.0
A_OCHROBAC,AAMI,0.0
BCEP,ACPO,1.0
BCEP,ACONE,0.0
A_OCHROBAC,AAMO,1.0
A_OCHROBAC,AAUG,1.0
A_OCHROBAC,AAZT,1.0
A_OCHROBAC,ACAZ,1.0
A_OCHROBAC,ACIP,0.0
A_OCHROBAC,ACOL,1.0
A_OCHROBAC,ACTX,1.0
BACTE,AVAN,1.0
A_OCHROBAC,ACXM,1.0
BACTE,ALIN,0.0
BACTE,AIMP,0.0
BACTE,AERY,1.0
A_OANTHROPI,ATRI,1.0
BCEP,AIMP,0.0
A_SPAUCIMOB,ATAZ,1.0
A_OANTHROPI,ATIG,0.0
A_NCINEREA,ACHL,0.0
A_NCINEREA,ACTX,1.0
A_NCINEREA,ANAL,1.0
A_NCINEREA,APEN,1.0
A_NCINEREA,ARIF,1.0
BFRA,AERY,1.0
A_OANTHROPI,AAZI,0.0
BDIM,AIMP,0.0
BDIM,AESBL,1.0
BDIM,ACTX,0.0
BDIM,ACONE,0.0
BDIM,ACOL,
BDIM,AAMPC,1.0
A_OANTHROPI,ACELX,0.0
A_OANTHROPI,AFOS,0.0
BCEP,A_CEFPODOX,0.0
A_OANTHROPI,ATET,0.0
BACTE,ACHL,1.0
A_OCHROBAC,ACXT,1.0
A_OCHROBAC,AERT,0.0
A_OCHROBAC,AGEN,0.0
A_YPSEUDOTU,ACAZ,0.0
A_YPSEUDOTU,AAUG,0.0
A_YPSEUDOTU,AAMO,0.0
A_PALCALIGE,ACOL,0.0
A_PALCALIGE,AGEN,1.0
A_PALCALIGE,AIMP,1.0
A_PALCALIGE,AMER,1.0
A_SVIRIDANS,AOPT,1.0
A_PALCALIGE,ATAZ,1.0
A_PALCALIGE,ATOB,1.0
A_SVESTIBUL,AVAN,0.0
A_SVESTIBUL,ATET,0.0
A_SVESTIBUL,ATEI,0.0
A_SVESTIBUL,APEN,0.0
A_SVESTIBUL,AERY,1.0
A_SVESTIBUL,ACLI,0.0
A_SPAUCIMOB,ATOB,1.0
A_YPSEUDOTU,ACIP,0.0
A_YPSEUDOTU,ACTX,0.0
A_YPSEUDOTU,ACXM,0.0
A_PALCALIGE,AAZT,1.0
A_OCHROBAC,AMER,0.0
A_OCHROBAC,ATAZ,1.0
A_OCHROBAC,ATEM,1.0
A_OCHROBAC,ATIG,0.0
A_OCHROBAC,ATOB,1.0
A_OCHROBAC,ATRI,1.0
A_PALCALIGE,AAMI,0.0
BACIL,ACOT,0.0
A_YPSEUDOTU,ACXT,0.0
A_PALCALIGE,ACAZ,1.0
A_PALCALIGE,ACIP,1.0
A_YPSEUDOTU,A_CEFPODOX,0.0
A_YPSEUDOTU,ATAZ,0.0
A_YPSEUDOTU,AMER,0.0
A_YPSEUDOTU,AIMP,0.0
A_YPSEUDOTU,AGEN,0.0
A_KKINGAE,ATET,0.0
A_KKINGAE,ACLA,1.0
A_BVESICULA,ATIG,0.0
NMEN,AAZT,1.0
NLF,ACONE,0.0
NFLA,AVAN,1.0
NFLA,ATRI,1.0
NFLA,AMUP,1.0
NFLA,AMET,0.0
NFLA,AGEN,0.0
NFLA,AFUS,0.0
NFLA,AERY,0.0
NFLA,ACLI,0.0
NFLA,ACHL,0.0
NEISS,AERY,1.0
NEISS,ACONE,0.0
A_CHRYSEOB,ACOT,0.0
A_CHRYSEOB,AIMP,1.0
A_CHRYSEOB,A_CEFPODOX,1.0
A_CMENINGOS,AAMI,1.0
A_CMENINGOS,AAMO,1.0
NLF,AIMP,0.0
NMEN,ACIX,0.0
A_CGUILLIER,ACAS,0.0
NMEN,ASPE,1.0
A_CGUILLIER,AFLUZ,1.0
A_CGUILLIER,AITR,0.0
A_CGUILLIER,AMF,
A_CGUILLIER,APCZ,
A_CGUILLIER,AVOR,0.0
PANTO,ATRI,0.0
PANTO,ATOB,0.0
PANTO,ATIG,0.0
PANTO,ACOL,0.0
PANTO,AAZT,0.0
PANTO,AAMI,0.0
PAER,AFOS,1.0
PAER,ACOT,1.0
PAENI,AVAN,0.0
PACN,AMTZ,0.0
NMEN,A_SULPHAME,0.0
NMEN,ATET,0.0
A_CMENINGOS,AAUG,0.0
A_CMENINGOS,ACAZ,1.0
MICROC,ACXT,0.0
MICROC,ACTX,0.0
KPNE,AVAN,0.0
A_CMENINGOS,AGEN,1.0
A_CMENINGOS,AIMP,1.0
A_CMENINGOS,AMER,1.0
KPNE,ATET,1.0
A_CMENINGOS,ATAZ,0.0
KPNE,ATEI,0.0
A_CMENINGOS,ATOB,1.0
A_CMENINGOS,A_CEFPODOX,1.0
KPNE,ALIN,0.0
A_CMENINGOS,A_TIMENTIN,0.0
A_CPSEUDODI,AMET,0.0
A_CPSEUDODI,AMUP,1.0
A_CPSEUDODI,ARIF,0.0
A_CPSEUDODI,ATEI,0.0
KLUYV,ATRI,0.0
KLUYV,ATOB,0.0
LMON,AMLS,1.0
A_CMENINGOS,ACXT,1.0
MCAT,AAMI,0.0
MCAT,ATAZ,0.0
MICROC,ACONE,0.0
A_CMENINGOS,ACIP,1.0
A_CMENINGOS,ACOL,1.0
MCAT,ATRI,1.0
MCAT,ATOB,0.0
MCAT,ATIG,0.0
MCAT,ATEM,0.0
MCAT,AMER,0.0
A_CMENINGOS,ACXM,1.0
MCAT,AGEN,0.0
MCAT,AERT,0.0
MCAT,ACXT,0.0
A_CMENINGOS,ACOT,0.0
MCAT,ACAZ,0.0
MCAT,AAZT,0.0
A_CMENINGOS,ACTX,1.0
A_CGUILLIER,AFLUC,0.0
A_CGUILLIER,AAND,
A_PASTEURE,ATIG,0.0
PRET,AAUG,0.0
PRET,AAMI,0.0
PPUT,ATRI,1.0
PPUT,ATIG,0.0
PPUT,ATEM,1.0
PPUT,AIMP,0.0
PPUT,AERT,1.0
PPUT,ACXT,1.0
PPUT,ACXM,1.0
PPUT,ACTX,1.0
PPUT,AAUG,1.0
PPUT,AAMO,1.0
PORI,ATRI,1.0
PORI,ATOB,0.0
PORI,ATIG,0.0
PORI,ATEM,1.0
PORI,ATAZ,0.0
PORI,AMER,0.0
PRET,AAMO,0.0
PRET,AAZT,0.0
A_CGUILLIER,AAMPH,0.0
PRET,ACAZ,0.0
A_BVESICULA,ATOB,0.0
A_BVESICULA,ATRI,1.0
PROPI,AMLS,0.0
PROPI,AAUG,0.0
PRET,ATRI,1.0
PRET,ATOB,0.0
PRET,ATIG,0.0
PRET,ATEM,0.0
PRET,ATAZ,0.0
PRET,AMER,0.0
PRET,AGEN,0.0
PRET,AERT,0.0
PRET,ACXT,0.0
PRET,ACXM,0.0
PRET,ACTX,0.0
PRET,ACOL,1.0
PRET,ACIP,0.0
PORI,AGEN,0.0
PORI,AERT,0.0
PORI,ACXT,1.0
PORI,ACXM,1.0
PMUL,ACAZ,0.0
PMUL,AAZT,0.0
PMUL,AAUG,0.0
PMUL,AAMO,0.0
PMUL,AAMI,0.0
PMIR,AVAN,1.0
A_CDUBLINIE,AAMPH,0.0
A_CDUBLINIE,ACAS,0.0
A_CDUBLINIE,AFLUC,0.0
PMIR,ATET,1.0
A_CDUBLINIE,AFLUZ,0.0
PMIR,ATEI,1.0
A_CDUBLINIE,AITR,0.0
A_CDUBLINIE,AMF,
PMIR,ALIN,0.0
A_CDUBLINIE,APCZ,
A_CDUBLINIE,AVOR,0.0
PMUL,ACIP,0.0
PMUL,ACTX,0.0
PMUL,ACXM,0.0
PORI,AAMI,0.0
PORI,ACTX,1.0
PORI,ACOL,0.0
PORI,ACIP,0.0
PORI,ACAZ,0.0
PORI,AAZT,1.0
PORI,AAUG,0.0
PORI,AAMO,1.0
PMUL,ATRI,0.0
PMUL,ACXT,0.0
PMUL,ATOB,0.0
PMUL,ATIG,0.0
PMUL,ATEM,0.0
PMUL,ATAZ,0.0
PMUL,AMER,0.0
PMUL,AGEN,0.0
PMUL,AERT,0.0
KLUYV,ATIG,0.0
KLUYV,ATAZ,0.0
A_ISOLATED,AVAN,0.0
A_GPBSIPB,AVAN,0.0
A_GPC2,ACLI,0.0
A_GPC2,AERY,1.0
A_GPC2,AFUS,1.0
A_GPC2,AGEN,1.0
ECOL,ANIT,0.0
A_GPC2,AMET,1.0
A_GPC2,AMLS,1.0
A_GPC2,AMUP,0.0
ECOL,AFOS,0.0
A_GPC2,APEN,1.0
A_GPC2,ARIF,0.0
A_GPC2,ATET,0.0
A_GPC2,ATRI,1.0
ECOL,ACHL,0.0
A_GPCSIBB,ACLI,0.0
A_GPCSIBB,ALEV,0.0
A_GPCSIBB,AMOX,0.0
A_GPC2,ACIP,1.0
A_GPBSIPB,ATET,0.0
A_GPBSIAB,APEN,1.0
A_GPBSIPB,ATEI,0.0
EFAS,ACLI,0.0
A_GPBSIAB,ARIF,0.0
A_GPBSIAB,ATET,0.0
EFAM,ATRI,1.0
A_GPBSIAB,ATRI,1.0
A_GPBSIPB,ACLI,0.0
A_GPBSIPB,AERY,0.0
EFAM,ASYN,1.0
EFAM,ARIF,0.0
EFAM,AMUP,0.0
EFAM,AMLS,0.0
EFAM,AMET,1.0
A_GPBSIPB,APEN,1.0
A_GPBSIPB,ARIF,0.0
EFAM,AFUS,1.0
EFAM,ADAP,
EFAM,ACIP,1.0
A_HAFNIA S,AAMO,1.0
A_HAFNIA S,AAUG,1.0
A_HAFNIA S,ACAZ,0.0
ECASS,APEN,0.0
CTRO,AFLUC,
CTRO,ACAS,0.0
CTRO,AAND,0.0
CTRO,AAMPH,
CSTR,ATEI,0.0
A_ISOLATED,AFUS,0.0
CPER,AERY,1.0
CPER,ACOT,1.0
A_ISOLATED,AGEN,0.0
A_ISOLATED,AMET,0.0
A_ISOLATED,AMTZ,0.0
A_ISOLATED,AMUP,1.0
A_ISOLATED,APEN,0.0
A_ISOLATED,ARIF,0.0
CORYN,AOXA,
A_ISOLATED,ATET,0.0
A_ISOLATED,ATRI,1.0
CTRO,AFLUZ,0.0
CTRO,AITR,
CTRO,AMF,0.0
A_HAFNIA S,AGEN,0.0
ECASS,AERY,1.0
ECASS,ACLI,1.0
EASB,AAMPC,0.0
A_HAFNIA S,ACIP,0.0
A_HAFNIA S,ACTX,0.0
A_HAFNIA S,ACXM,0.0
A_HAFNIA S,ACXT,0.0
A_HAFNIA S,AMER,0.0
CTRO,APCZ,
A_HAFNIA S,ATAZ,0.0
A_HAFNIA S,ATEM,0.0
A_HAFNIA S,ATRI,0.0
A_ISOLATED,ACIP,1.0
A_ISOLATED,ACLI,1.0
A_ISOLATED,AERY,1.0
CTRO,AVOR,0.0
EFAS,AERY,1.0
A_GPBSIAB,AMUP,1.0
KLUYV,AMER,0.0
A_EGERGOVIA,AAMI,0.0
A_EGERGOVIA,AAUG,0.0
A_EGERGOVIA,AAZT,0.0
A_EGERGOVIA,ACAZ,0.0
A_EGERGOVIA,ACIP,0.0
A_EGERGOVIA,ACOL,0.0
A_EGERGOVIA,ACTX,0.0
A_EGERGOVIA,ACXM,0.0
HPIN,ACLA,1.0
HPHA,ACXM,0.0
HPHA,ACTX,0.0
HPHA,ACIP,0.0
HPHA,AAUG,0.0
HPHA,AAMO,0.0
A_EGERGOVIA,ACXT,0.0
A_EGERGOVIA,AERT,0.0
HINF,AGEN,0.0
A_EGERGOVIA,AGEN,0.0
A_EGERGOVIA,AAMO,0.0
A_EAVIUM,ACLI,1.0
EFAS,APEN,0.0
A_CTESTOSTE,ATAZ,0.0
KLUYV,AGEN,0.0
KLUYV,AERT,0.0
KLUYV,ACXT,1.0
KLUYV,ACXM,0.0
KLUYV,ACONE,0.0
KLUYV,ACOL,0.0
KLUYV,ACIP,0.0
KLUYV,ACAZ,0.0
KLUYV,AAZT,0.0
KLUYV,AAUG,1.0
KLUYV,AAMO,1.0
KLUYV,AAMI,0.0
A_CTESTOSTE,ACAZ,0.0
A_CTESTOSTE,ACIP,0.0
A_CTESTOSTE,AGEN,0.0
A_CTESTOSTE,AIMP,0.0
A_CTESTOSTE,AMER,0.0
A_EGERGOVIA,AMER,0.0
A_EGERGOVIA,ATAZ,0.0
A_EGERGOVIA,ATEM,0.0
HINF,ACHL,0.0
A_FUSOBACT,ACLI,0.0
A_GMORBILLO,ACONE,0.0
A_GMORBILLO,ACTX,0.0
A_GMORBILLO,AGEN,0.0
ENTB,ACONE,0.0
A_GMORBILLO,ALIN,0.0
A_GMORBILLO,ASYN,0.0
A_GNBSIBB,AAMPC,1.0
A_GNBSIBB,AESBL,1.0
A_GPBSIAB,ACIP,0.0
A_GPBSIAB,ACLI,0.0
EMEN,ACOT,0.0
EGAL,ATIG,0.0
A_GPBSIAB,AERY,0.0
A_GPBSIAB,AFUS,0.0
A_GPBSIAB,AGEN,0.0
A_GPBSIAB,AMET,0.0
A_FUSOBACT,AAUG,0.0
A_FNUCLEATU,ATAZ,0.0
A_FNUCLEATU,AMER,0.0
GEM,AERY,1.0
HINF,AAZI,
A_EGERGOVIA,ATIG,0.0
A_EGERGOVIA,ATOB,0.0
HAEMO,ANAL,0.0
HAEMO,AERY,1.0
GHAEM,ATEI,0.0
GEM,ATET,1.0
FNEC,ATET,0.0
A_FNUCLEATU,ACLI,0.0
A_EGERGOVIA,ATRI,0.0
ENTC,AMUP,0.0
ENTC,AMLS,0.0
ENTC,AMET,1.0
ENTC,AFUS,1.0
ENTC,ACIP,1.0
A_FNUCLEATU,AAUG,0.0
YEAST,AVOR,
